{"Geometry": [[-70.787873, 34.931578]], "MMSI": 309902000, "DateTime": ["2009/08/01 09:35:00"]}