{"Geometry": [[-70.708247, 34.906085000000004]], "MMSI": 309902000, "DateTime": ["2009/07/18 06:49:00"]}