{"Geometry": [[-71.489265, -32.752895]], "MMSI": 372714000, "DateTime": ["2009/12/29 13:54:59"]}