{"Geometry": [[-71.888333, 39.570666999999986]], "MMSI": 212236000, "DateTime": ["2009/02/04 06:35:00"]}