{"Geometry": [[-67.60567, 23.958523]], "MMSI": 636013479, "DateTime": ["2009/03/03 22:22:59"]}