{"Geometry": [[-67.088367, 16.432632999999996]], "MMSI": 563041000, "DateTime": ["2009/03/17 21:51:00"]}