{"Geometry": [[-66.392575, 19.227817]], "MMSI": 308731000, "DateTime": ["2009/05/15 03:53:00"]}