{"Geometry": [[-66.026518, 45.19822199999999]], "MMSI": 316003563, "DateTime": ["2009/08/13 16:01:00"]}