{"Geometry": [[-66.023362, 45.201840000000004]], "MMSI": 316003563, "DateTime": ["2009/07/11 22:12:00"]}