{"Geometry": [[-66.053043, 18.778487999999996]], "MMSI": 319487000, "DateTime": ["2009/12/19 15:56:00"]}