{"Geometry": [[-71.628472, 37.595258]], "MMSI": 477560500, "DateTime": ["2009/03/11 21:45:00"]}