{"Geometry": [[-67.591068, 18.048614999999998]], "MMSI": 244710000, "DateTime": ["2009/08/04 15:06:00"]}