{"Geometry": [[-66.408172, 19.133162999999996]], "MMSI": 244710000, "DateTime": ["2009/03/01 07:05:59"]}