{"Geometry": [[-66.327487, 19.111787000000007], [-66.336497, 19.107392000000004], [-66.341247, 19.105072000000007], [-66.346013, 19.102762999999996], [-66.35601, 19.097897000000003], [-66.36516, 19.093502], [-66.369838, 19.091237000000007], [-66.376005, 19.088238000000004], [-66.38453, 19.084125], [-66.393977, 19.079516999999996], [-66.403455, 19.074923], [-66.412923, 19.070338000000007], [-66.422447, 19.065787999999998], [-66.433352, 19.060590000000005], [-66.44155, 19.056697999999997], [-66.446322, 19.054412], [-66.45827, 19.048509999999993], [-66.465885, 19.044747], [-66.477208, 19.039085], [-66.486737, 19.034352], [-66.49437, 19.030592999999996], [-66.503415, 19.026123], [-66.50882, 19.023475000000005], [-66.514377, 19.020735000000002], [-66.522585, 19.016751999999997], [-66.551195, 19.002832999999995], [-66.560722, 18.998143], [-66.570248, 18.993516999999997], [-66.580305, 18.988587999999993], [-66.590155, 18.983751999999996], [-66.601465, 18.978212], [-66.894587, 18.827577000000005], [-66.900532, 18.824290000000005], [-66.909602, 18.819287000000003], [-66.919707, 18.813775000000007], [-66.92799, 18.809257000000002], [-66.932673, 18.80673], [-66.937677, 18.804045000000002], [-66.969307, 18.787201999999994], [-66.986928, 18.777865000000006], [-66.991483, 18.775441999999998], [-67.000367, 18.770663], [-67.008285, 18.766413], [-67.018115, 18.761167], [-67.026573, 18.756677999999994], [-67.035078, 18.752232000000006], [-67.044842, 18.747097999999994], [-67.054355, 18.742198000000002], [-67.076042, 18.731814999999997], [-67.083132, 18.728399999999993], [-67.091647, 18.724282000000002], [-67.101128, 18.719669999999994], [-67.107817, 18.716427999999993], [-67.117898, 18.711467], [-67.12687, 18.706902], [-67.168613, 18.684082000000004], [-67.186195, 18.674246999999994], [-67.198688, 18.667230000000004], [-67.204592, 18.663939999999997], [-67.216697, 18.657551999999995], [-67.223732, 18.653966999999994], [-67.232718, 18.649344999999997], [-67.245897, 18.642517999999995], [-67.251, 18.639870000000002], [-67.258528, 18.635973000000007], [-67.26569, 18.632283], [-67.313047, 18.608002999999997], [-67.322523, 18.603137000000004], [-67.332962, 18.597747], [-67.34146, 18.593432000000007], [-67.346265, 18.590973000000005], [-67.350908, 18.588605], [-67.36084, 18.583537000000007], [-67.37508, 18.576313], [-67.387963, 18.569882000000007], [-67.593043, 18.463340000000002], [-67.604718, 18.457378000000006], [-67.63147, 18.444052]], "MMSI": 305345000, "DateTime": ["2009/04/18 19:44:59", "2009/04/18 19:47:00", "2009/04/18 19:47:59", "2009/04/18 19:49:00", "2009/04/18 19:50:59", "2009/04/18 19:53:00", "2009/04/18 19:54:00", "2009/04/18 19:54:59", "2009/04/18 19:57:00", "2009/04/18 19:59:00", "2009/04/18 20:00:59", "2009/04/18 20:03:00", "2009/04/18 20:05:00", "2009/04/18 20:07:59", "2009/04/18 20:09:00", "2009/04/18 20:10:00", "2009/04/18 20:13:00", "2009/04/18 20:13:59", "2009/04/18 20:16:59", "2009/04/18 20:19:00", "2009/04/18 20:19:59", "2009/04/18 20:22:00", "2009/04/18 20:23:00", "2009/04/18 20:23:59", "2009/04/18 20:26:00", "2009/04/18 20:32:00", "2009/04/18 20:34:00", "2009/04/18 20:35:59", "2009/04/18 20:38:00", "2009/04/18 20:39:59", "2009/04/18 20:42:59", "2009/04/18 21:59:00", "2009/04/18 21:59:59", "2009/04/18 22:02:00", "2009/04/18 22:04:00", "2009/04/18 22:05:59", "2009/04/18 22:06:59", "2009/04/18 22:08:00", "2009/04/18 22:15:00", "2009/04/18 22:18:59", "2009/04/18 22:20:00", "2009/04/18 22:21:59", "2009/04/18 22:22:59", "2009/04/18 22:25:59", "2009/04/18 22:27:00", "2009/04/18 22:28:59", "2009/04/18 22:31:00", "2009/04/18 22:33:00", "2009/04/18 22:38:00", "2009/04/18 22:38:59", "2009/04/18 22:41:00", "2009/04/18 22:43:00", "2009/04/18 22:44:59", "2009/04/18 22:47:00", "2009/04/18 22:49:00", "2009/04/18 22:57:59", "2009/04/18 23:02:00", "2009/04/18 23:05:00", "2009/04/18 23:06:00", "2009/04/18 23:09:00", "2009/04/18 23:10:00", "2009/04/18 23:12:00", "2009/04/18 23:15:00", "2009/04/18 23:16:00", "2009/04/18 23:18:00", "2009/04/18 23:19:00", "2009/04/18 23:29:00", "2009/04/18 23:31:00", "2009/04/18 23:32:59", "2009/04/18 23:35:00", "2009/04/18 23:35:59", "2009/04/18 23:36:59", "2009/04/18 23:39:00", "2009/04/18 23:42:00", "2009/04/18 23:45:00", "2009/04/19 00:27:59", "2009/04/19 00:30:00", "2009/04/19 00:36:00"]}