{"Geometry": [[-66.831183, 15.921199999999999]], "MMSI": 636014278, "DateTime": ["2009/12/12 00:36:00"]}