{"Geometry": [[-68.368613, 26.948189999999997]], "MMSI": 636010401, "DateTime": ["2009/07/18 14:50:00"]}