{"Geometry": [[-69.90305, 30.308499999999995]], "MMSI": 240657000, "DateTime": ["2009/04/05 01:30:00"]}