{"Geometry": [[-66.69288, 20.256069999999994]], "MMSI": 319551000, "DateTime": ["2009/03/14 19:38:59"]}