{"Geometry": [[-66.003743, 16.874837999999997]], "MMSI": 538002803, "DateTime": ["2009/09/26 01:34:00"]}