{"Geometry": [[-67.516158, 17.714888000000002]], "MMSI": 240619000, "DateTime": ["2009/05/08 23:48:00"]}