{"Geometry": [[-68.61599, 18.042005000000003]], "MMSI": 304485000, "DateTime": ["2009/01/18 16:59:00"]}