{"Geometry": [[-69.425332, 24.537638]], "MMSI": 310515000, "DateTime": ["2009/08/04 07:31:00"]}