{"Geometry": [[-69.244258, 25.916853000000003]], "MMSI": 366724450, "DateTime": ["2009/03/07 16:59:00"]}