{"Geometry": [[-69.867422, 28.136187000000007]], "MMSI": 212954000, "DateTime": ["2009/08/17 15:55:00"]}