{"Geometry": [[-71.141365, -64.952273]], "MMSI": 366906610, "DateTime": ["2009/10/06 10:09:59"]}