{"Geometry": [[-71.654918, 37.97542]], "MMSI": 368605000, "DateTime": ["2009/02/11 16:04:00"]}