{"Geometry": [[-67.279053, 15.513292000000007]], "MMSI": 636011542, "DateTime": ["2009/05/05 13:41:00"]}