{"Geometry": [[-69.632323, 27.866032000000004]], "MMSI": 366955670, "DateTime": ["2009/12/18 19:11:00"]}