{"Geometry": [[-70.854797, 30.820418000000004]], "MMSI": 636091685, "DateTime": ["2009/07/21 21:01:00"]}