{"Geometry": [[-68.952297, 29.428697]], "MMSI": 636091685, "DateTime": ["2009/07/07 17:58:00"]}