{"Geometry": [[-69.479608, 27.925162999999998]], "MMSI": 367082060, "DateTime": ["2009/11/22 01:54:00"]}