{"Geometry": [[-71.676525, 39.42473000000001]], "MMSI": 244693000, "DateTime": ["2009/02/20 19:57:00"]}