{"Geometry": [[-68.795248, 38.13127]], "MMSI": 338365000, "DateTime": ["2009/12/29 17:36:59"]}