{"Geometry": [[-67.838833, 34.282167]], "MMSI": 304482000, "DateTime": ["2009/08/31 01:30:00"]}