{"Geometry": [[-68.322267, 23.723667000000006]], "MMSI": 304010618, "DateTime": ["2009/05/05 18:04:00"]}