{"Geometry": [[-67.756357, 35.207717]], "MMSI": 246171000, "DateTime": ["2009/08/17 11:16:00"]}