{"Geometry": [[-68.665087, 16.268671999999995]], "MMSI": 305396000, "DateTime": ["2009/07/13 19:15:59"]}