{"Geometry": [[-71.611085, 35.336972]], "MMSI": 212450000, "DateTime": ["2009/10/07 08:55:59"]}