{"Geometry": [[-70.54265, 33.365416999999994]], "MMSI": 367168650, "DateTime": ["2009/11/18 13:27:00"]}