{"Geometry": [[-71.422508, 36.194677999999996]], "MMSI": 210267000, "DateTime": ["2009/11/09 13:43:00"]}