{"Geometry": [[-66.550475, 53.87844999999999]], "MMSI": 367729000, "DateTime": ["2009/01/17 23:57:00"]}