{"Geometry": [[-67.257333, 18.896833]], "MMSI": 366760320, "DateTime": ["2009/11/23 00:01:59"]}