{"Geometry": [[-67.195667, 40.928500000000014]], "MMSI": 538001809, "DateTime": ["2009/12/30 14:44:00"]}