{"Geometry": [[-69.667333, 36.155833]], "MMSI": 371186000, "DateTime": ["2009/01/04 06:40:00"]}