{"Geometry": [[-70.545283, 40.42218299999999]], "MMSI": 371208000, "DateTime": ["2009/08/29 00:14:59"]}