{"Geometry": [[-66.786633, 50.03149300000001]], "MMSI": 316001839, "DateTime": ["2009/12/29 17:35:59"]}