{"Geometry": [[-67.092385, 29.567012000000005]], "MMSI": 538002637, "DateTime": ["2009/07/22 23:36:59"]}