{"Geometry": [[-71.325567, 37.60808299999999]], "MMSI": 308688000, "DateTime": ["2009/07/17 09:43:00"]}