{"Geometry": [[-66.586792, 16.652276999999998]], "MMSI": 235645000, "DateTime": ["2009/07/03 21:17:59"]}