{"Geometry": [[-67.303202, 17.408625]], "MMSI": 235645000, "DateTime": ["2009/10/27 16:54:00"]}