{"Geometry": [[-69.164532, 37.942314999999994], [-69.173335, 37.940732999999994], [-69.18526, 37.938657000000006], [-70.038755, 37.79396], [-70.054658, 37.791083], [-70.06104, 37.789832000000004], [-70.081093, 37.786007], [-70.085378, 37.78519], [-70.109505, 37.780829999999995], [-70.119565, 37.779078], [-70.12954, 37.777375000000006], [-70.138105, 37.775932999999995], [-70.146602, 37.774452], [-70.162325, 37.771860000000004], [-70.172263, 37.770252], [-70.223667, 37.762069999999994], [-70.233598, 37.760458], [-70.238625, 37.759632999999994], [-70.272498, 37.754125], [-70.30562, 37.74857], [-70.566932, 37.702692], [-70.682657, 37.68352], [-70.688568, 37.682486999999995], [-70.696397, 37.681183000000004], [-70.716062, 37.67787800000001], [-70.755802, 37.671482999999995], [-70.855735, 37.654377], [-70.874982, 37.651128], [-70.89894, 37.646213], [-70.923938, 37.641453], [-70.93128, 37.64018299999999], [-70.950515, 37.63672], [-71.574467, 37.53144], [-71.583187, 37.529655000000005], [-71.586595, 37.528980000000004], [-71.59176, 37.527933000000004], [-71.599138, 37.526398], [-71.607813, 37.524663000000004], [-71.611313, 37.523938], [-71.614718, 37.523255000000006], [-71.618187, 37.522566999999995], [-71.623418, 37.521502999999996], [-71.631525, 37.520075000000006], [-71.637973, 37.51916], [-71.643187, 37.518407999999994], [-71.650747, 37.517286999999996], [-71.654323, 37.516777000000005], [-71.657848, 37.51627499999999], [-71.671477, 37.514313], [-71.683807, 37.51259], [-71.687355, 37.51209], [-71.692705, 37.511347], [-71.707525, 37.509190000000004], [-71.742548, 37.50344200000001], [-71.747277, 37.502605], [-71.752255, 37.5017], [-71.758285, 37.500637999999995], [-71.782767, 37.496196999999995], [-71.791483, 37.494612000000004], [-71.795783, 37.493877], [-71.800215, 37.493123], [-71.804575, 37.492338000000004], [-71.81131, 37.491136999999995], [-71.841413, 37.485783], [-71.845818, 37.484988], [-71.850257, 37.484232000000006], [-71.876757, 37.47963], [-71.883235, 37.478517999999994], [-71.89244, 37.4769], [-71.899813, 37.47559], [-71.903772, 37.474852], [-71.912877, 37.473163], [-71.91688, 37.472453], [-71.920912, 37.471777], [-71.926437, 37.470862999999994], [-71.931702, 37.469989999999996], [-71.941953, 37.46825], [-71.946048, 37.467552], [-71.954315, 37.466155], [-71.958468, 37.465445], [-71.964023, 37.46449], [-71.969527, 37.463548], [-71.973793, 37.462833], [-71.980797, 37.461585], [-71.985028, 37.460826999999995], [-71.991327, 37.45967]], "MMSI": 256745000, "DateTime": ["2009/07/11 16:59:00", "2009/07/11 17:00:59", "2009/07/11 17:03:59", "2009/07/11 20:18:00", "2009/07/11 20:21:00", "2009/07/11 20:23:00", "2009/07/11 20:26:59", "2009/07/11 20:28:00", "2009/07/11 20:34:00", "2009/07/11 20:36:59", "2009/07/11 20:39:00", "2009/07/11 20:41:00", "2009/07/11 20:42:59", "2009/07/11 20:45:59", "2009/07/11 20:48:59", "2009/07/11 21:01:00", "2009/07/11 21:03:00", "2009/07/11 21:04:00", "2009/07/11 21:11:59", "2009/07/11 21:20:00", "2009/07/11 22:22:59", "2009/07/11 22:51:59", "2009/07/11 22:53:00", "2009/07/11 22:54:59", "2009/07/11 23:00:00", "2009/07/11 23:10:59", "2009/07/11 23:36:59", "2009/07/11 23:42:00", "2009/07/11 23:48:59", "2009/07/11 23:55:59", "2009/07/11 23:58:00", "2009/07/12 00:03:00", "2009/07/12 02:42:59", "2009/07/12 02:45:00", "2009/07/12 02:45:59", "2009/07/12 02:47:00", "2009/07/12 02:50:00", "2009/07/12 02:51:59", "2009/07/12 02:52:59", "2009/07/12 02:54:00", "2009/07/12 02:55:00", "2009/07/12 02:57:00", "2009/07/12 02:58:59", "2009/07/12 03:01:00", "2009/07/12 03:01:59", "2009/07/12 03:04:59", "2009/07/12 03:06:00", "2009/07/12 03:07:00", "2009/07/12 03:11:00", "2009/07/12 03:14:00", "2009/07/12 03:14:59", "2009/07/12 03:16:00", "2009/07/12 03:20:59", "2009/07/12 03:30:00", "2009/07/12 03:30:59", "2009/07/12 03:33:00", "2009/07/12 03:35:00", "2009/07/12 03:40:59", "2009/07/12 03:43:00", "2009/07/12 03:45:00", "2009/07/12 03:46:00", "2009/07/12 03:46:59", "2009/07/12 03:49:00", "2009/07/12 03:56:59", "2009/07/12 03:58:00", "2009/07/12 03:59:00", "2009/07/12 04:05:59", "2009/07/12 04:08:00", "2009/07/12 04:09:59", "2009/07/12 04:12:00", "2009/07/12 04:12:59", "2009/07/12 04:15:00", "2009/07/12 04:15:59", "2009/07/12 04:17:00", "2009/07/12 04:18:00", "2009/07/12 04:20:00", "2009/07/12 04:21:59", "2009/07/12 04:22:59", "2009/07/12 04:25:00", "2009/07/12 04:25:59", "2009/07/12 04:28:00", "2009/07/12 04:28:59", "2009/07/12 04:30:00", "2009/07/12 04:31:59", "2009/07/12 04:33:00", "2009/07/12 04:34:00"]}