{"Geometry": [[-66.133167, 16.655833]], "MMSI": 319251000, "DateTime": ["2009/04/09 02:48:59"]}