{"Geometry": [[-71.91275, 38.13392300000001]], "MMSI": 240168000, "DateTime": ["2009/03/13 23:42:59"]}