{"Geometry": [[-70.501788, 38.262135]], "MMSI": 368591000, "DateTime": ["2009/05/15 15:52:00"]}