{"Geometry": [[-71.007587, 37.535088]], "MMSI": 477701000, "DateTime": ["2009/01/09 17:42:59"]}