{"Geometry": [[-71.545433, 24.945262]], "MMSI": 408707000, "DateTime": ["2009/11/15 14:06:59"]}