{"Geometry": [[-70.038078, 12.739777000000004]], "MMSI": 240769000, "DateTime": ["2009/10/22 04:08:00"]}