{"Geometry": [[-71.97985, 38.858183]], "MMSI": 245162000, "DateTime": ["2009/08/13 05:57:00"]}