{"Geometry": [[-70.550898, 26.866695000000007]], "MMSI": 563027000, "DateTime": ["2009/01/24 17:45:59"]}