{"Geometry": [[-70.71706, 37.86599]], "MMSI": 636012464, "DateTime": ["2009/11/01 00:26:00"]}