{"Geometry": [[-71.060128, 38.82119]], "MMSI": 533924000, "DateTime": ["2009/09/26 06:08:59"]}