{"Geometry": [[-70.072667, 38.432500000000005]], "MMSI": 258834000, "DateTime": ["2009/02/27 22:22:59"]}