{"Geometry": [[-68.201867, 42.631167000000005]], "MMSI": 316188000, "DateTime": ["2009/01/30 00:49:59"]}