{"Geometry": [[-68.02235, 24.67555]], "MMSI": 565913000, "DateTime": ["2009/12/28 04:15:00"]}