{"Geometry": [[-68.169912, 17.989517000000006]], "MMSI": 538002428, "DateTime": ["2009/10/27 17:54:00"]}