{"Geometry": [[-66.630118, 19.286721999999997]], "MMSI": 477076500, "DateTime": ["2009/11/22 00:01:59"]}