{"Geometry": [[-67.02505, 29.547933]], "MMSI": 310205000, "DateTime": ["2009/08/02 07:25:59"]}