{"Geometry": [[-69.586117, 35.784867000000006]], "MMSI": 240411000, "DateTime": ["2009/12/09 13:44:59"]}