{"Geometry": [[-71.266995, 24.990430000000003]], "MMSI": 305120000, "DateTime": ["2009/07/22 22:38:00"]}