{"Geometry": [[-68.700638, 38.82560699999999]], "MMSI": 308976000, "DateTime": ["2009/09/15 16:02:00"]}