{"Geometry": [[-66.02754, 16.111582]], "MMSI": 232450000, "DateTime": ["2009/04/06 18:51:00"]}