{"Geometry": [[-71.377007, 37.489608000000004]], "MMSI": 311291000, "DateTime": ["2009/07/21 06:24:00"]}