{"Geometry": [[-67.605707, 23.351883]], "MMSI": 304343000, "DateTime": ["2009/01/12 19:51:59"]}