{"Geometry": [[-70.594817, 27.108833000000004]], "MMSI": 240642000, "DateTime": ["2009/08/01 02:07:59"]}