{"Geometry": [[-66.658017, 15.593566999999993]], "MMSI": 240642000, "DateTime": ["2009/07/02 04:31:59"]}