{"Geometry": [[-67.005433, 25.559250000000006]], "MMSI": 636091601, "DateTime": ["2009/05/18 06:36:59"]}