{"Geometry": [[-67.398098, 25.660197999999994]], "MMSI": 235762000, "DateTime": ["2009/11/28 15:53:59"]}