{"Geometry": [[-66.000078, 18.832558000000006], [-66.005708, 18.835858], [-66.010857, 18.838908000000004], [-66.017857, 18.843125], [-66.02479, 18.84729], [-66.029987, 18.850371999999993], [-66.035553, 18.853655000000003], [-66.040203, 18.85642], [-66.044802, 18.859187000000006], [-66.049898, 18.862318000000002], [-66.055513, 18.865651999999997], [-66.06023, 18.868385000000004], [-66.06573, 18.871619999999993], [-66.074975, 18.877215000000007], [-66.080958, 18.880679999999998], [-66.086655, 18.884029999999996], [-66.093938, 18.888462000000004], [-66.09852, 18.891194999999996], [-66.110067, 18.89806], [-66.115217, 18.901077], [-66.119815, 18.903841999999997], [-66.128263, 18.908824999999993], [-66.153792, 18.924087999999998], [-66.167307, 18.932036999999994], [-66.176272, 18.93732], [-66.190117, 18.945583], [-66.222357, 18.964708], [-66.230703, 18.969693000000007], [-66.235835, 18.972755000000006], [-66.251065, 18.981787999999995], [-66.259862, 18.987054999999998], [-66.28944, 19.004267], [-66.312602, 19.017463000000006], [-66.318683, 19.021029999999996], [-66.32335, 19.023645000000002], [-66.328465, 19.026728000000006], [-66.334097, 19.029995], [-66.340228, 19.033542999999995], [-66.345445, 19.036474999999996], [-66.350708, 19.039406999999997], [-66.355292, 19.04204], [-66.360905, 19.045221999999995], [-66.36607, 19.048137999999994], [-66.373987, 19.052719999999994], [-66.38002, 19.056137000000007], [-66.388047, 19.060767999999996], [-66.393598, 19.063985000000002], [-66.399847, 19.067499999999995], [-66.404543, 19.070165000000003], [-66.410077, 19.073364999999995], [-66.416125, 19.076932], [-66.422723, 19.080663], [-66.427905, 19.083612000000002], [-66.433103, 19.086545], [-66.43872, 19.089794999999995], [-66.443852, 19.092793], [-66.450982, 19.096841999999995], [-66.456567, 19.100009999999997], [-66.461282, 19.102725000000007], [-66.467363, 19.106291999999996], [-66.471977, 19.108990000000006], [-66.476628, 19.111706999999996], [-66.484477, 19.116422999999998], [-66.497455, 19.124087000000003], [-66.503938, 19.127953000000005], [-66.50902, 19.130984999999995], [-66.51467, 19.134285000000006], [-66.52021, 19.137578000000005], [-66.524743, 19.140347000000006], [-66.529842, 19.143343], [-66.534925, 19.14631], [-66.539623, 19.149142999999995], [-66.54429, 19.151943000000003], [-66.549857, 19.155242], [-66.554572, 19.158057999999997], [-66.57025, 19.167457], [-66.574933, 19.170204999999996], [-66.580028, 19.173253000000003]], "MMSI": 245206000, "DateTime": ["2009/11/26 00:58:00", "2009/11/26 00:59:59", "2009/11/26 01:01:00", "2009/11/26 01:02:00", "2009/11/26 01:04:00", "2009/11/26 01:05:00", "2009/11/26 01:05:59", "2009/11/26 01:06:59", "2009/11/26 01:08:00", "2009/11/26 01:09:00", "2009/11/26 01:09:59", "2009/11/26 01:11:00", "2009/11/26 01:12:59", "2009/11/26 01:15:00", "2009/11/26 01:15:59", "2009/11/26 01:17:00", "2009/11/26 01:18:59", "2009/11/26 01:20:00", "2009/11/26 01:21:59", "2009/11/26 01:22:59", "2009/11/26 01:24:00", "2009/11/26 01:25:59", "2009/11/26 01:31:59", "2009/11/26 01:34:59", "2009/11/26 01:36:00", "2009/11/26 01:38:59", "2009/11/26 01:46:00", "2009/11/26 01:47:59", "2009/11/26 01:49:00", "2009/11/26 01:53:00", "2009/11/26 01:54:00", "2009/11/26 02:00:59", "2009/11/26 02:06:00", "2009/11/26 02:06:59", "2009/11/26 02:07:59", "2009/11/26 02:09:00", "2009/11/26 02:10:00", "2009/11/26 02:12:00", "2009/11/26 02:13:00", "2009/11/26 02:13:59", "2009/11/26 02:15:00", "2009/11/26 02:16:00", "2009/11/26 02:16:59", "2009/11/26 02:19:00", "2009/11/26 02:19:59", "2009/11/26 02:22:00", "2009/11/26 02:23:00", "2009/11/26 02:23:59", "2009/11/26 02:25:00", "2009/11/26 02:26:00", "2009/11/26 02:28:00", "2009/11/26 02:29:00", "2009/11/26 02:29:59", "2009/11/26 02:31:00", "2009/11/26 02:32:59", "2009/11/26 02:34:00", "2009/11/26 02:35:00", "2009/11/26 02:35:59", "2009/11/26 02:36:59", "2009/11/26 02:39:00", "2009/11/26 02:39:59", "2009/11/26 02:41:00", "2009/11/26 02:42:00", "2009/11/26 02:45:00", "2009/11/26 02:47:00", "2009/11/26 02:48:00", "2009/11/26 02:48:59", "2009/11/26 02:50:00", "2009/11/26 02:51:00", "2009/11/26 02:51:59", "2009/11/26 02:52:59", "2009/11/26 02:54:00", "2009/11/26 02:55:00", "2009/11/26 02:55:59", "2009/11/26 02:57:00", "2009/11/26 03:01:00", "2009/11/26 03:01:59", "2009/11/26 03:03:00"]}