{"Geometry": [[-71.041717, 37.742233]], "MMSI": 477829200, "DateTime": ["2009/12/17 02:44:00"]}