{"Geometry": [[-71.680633, 37.140467]], "MMSI": 477829200, "DateTime": ["2009/10/03 22:02:00"]}