{"Geometry": [[-70.202617, 39.20479499999999]], "MMSI": 538090152, "DateTime": ["2009/11/08 00:14:00"]}