{"Geometry": [[-71.886252, 37.042372]], "MMSI": 367373630, "DateTime": ["2009/10/30 22:46:00"]}