{"Geometry": [[-69.35534, 37.836043000000004]], "MMSI": 246524000, "DateTime": ["2009/04/10 17:03:59"]}