{"Geometry": [[-71.906983, 38.66158300000001]], "MMSI": 565789000, "DateTime": ["2009/12/17 01:37:00"]}