{"Geometry": [[-68.397828, 25.383629999999997]], "MMSI": 319323000, "DateTime": ["2009/05/08 12:40:00"]}