{"Geometry": [[-68.36039, 37.818957]], "MMSI": 271000409, "DateTime": ["2009/09/18 18:27:00"]}