{"Geometry": [[-68.19966, 17.590378]], "MMSI": 235628000, "DateTime": ["2009/01/12 13:14:00"]}