{"Geometry": [[-69.429983, 32.743483]], "MMSI": 319011200, "DateTime": ["2009/10/25 10:18:59"]}