{"Geometry": [[-71.999148, 38.601200000000006], [-71.994623, 38.603624999999994], [-71.988705, 38.606731999999994], [-71.984768, 38.60879700000001], [-71.98089, 38.61084199999999], [-71.974263, 38.61435499999999], [-71.967665, 38.617838000000006], [-71.963628, 38.619932000000006], [-71.95843, 38.62267], [-71.953907, 38.625057999999996], [-71.947975, 38.62836999999999], [-71.939753, 38.63295199999999], [-71.935265, 38.635447], [-71.926853, 38.640095], [-71.923032, 38.642268], [-71.91936, 38.644485], [-71.914918, 38.647118000000006], [-71.909953, 38.650047], [-71.90306, 38.65414000000001], [-71.897972, 38.657151999999996], [-71.89365, 38.65982199999999], [-71.888157, 38.66318699999999], [-71.88184, 38.666987000000006], [-71.877487, 38.669623], [-71.872525, 38.67265499999999], [-71.868798, 38.67494300000001], [-71.864493, 38.677527999999995], [-71.858168, 38.681273000000004], [-71.849857, 38.68592000000001], [-71.840185, 38.69121000000001], [-71.835767, 38.69363799999999], [-71.790388, 38.71815699999999], [-71.784395, 38.721276999999986], [-71.777987, 38.724658000000005], [-71.76811, 38.730185000000006], [-71.755113, 38.73723000000001], [-71.75044, 38.739542], [-71.702742, 38.76247799999999], [-71.696677, 38.76539], [-71.667968, 38.77848700000001], [-71.64486, 38.789072000000004], [-71.634657, 38.793687000000006], [-71.600735, 38.808842], [-71.572997, 38.82095799999999], [-71.560053, 38.82647800000001], [-71.5297, 38.83897999999999], [-71.506102, 38.848398], [-71.498423, 38.851403000000005], [-71.46396, 38.864720000000005], [-71.420462, 38.883027999999996], [-71.412293, 38.886686999999995], [-71.34978, 38.91363799999999], [-71.340965, 38.91762800000001], [-71.305953, 38.93322499999999], [-71.28636, 38.942350000000005], [-71.24392, 38.96227200000001], [-71.229352, 38.969404999999995], [-71.215273, 38.97617700000001], [-71.20352, 38.98214999999999], [-71.187822, 38.990093], [-71.183893, 38.992052], [-71.180032, 38.994055], [-71.16987, 38.99945299999999], [-71.165352, 39.00185300000001], [-71.158225, 39.005525000000006], [-71.153607, 39.00788499999999], [-71.14972, 39.009917], [-71.145805, 39.01192499999999], [-71.141365, 39.014256999999986], [-71.131538, 39.01931200000001], [-71.122368, 39.023967], [-71.117175, 39.02657199999999], [-71.060325, 39.056475000000006], [-71.046045, 39.06390300000001], [-71.0338, 39.070153000000005], [-71.02994, 39.072205], [-71.026107, 39.07426699999999], [-70.953607, 39.11215200000001], [-70.904152, 39.141684999999995]], "MMSI": 563249000, "DateTime": ["2009/01/05 02:16:59", "2009/01/05 02:18:00", "2009/01/05 02:19:59", "2009/01/05 02:21:00", "2009/01/05 02:22:00", "2009/01/05 02:23:00", "2009/01/05 02:25:00", "2009/01/05 02:26:00", "2009/01/05 02:26:59", "2009/01/05 02:28:00", "2009/01/05 02:29:59", "2009/01/05 02:32:00", "2009/01/05 02:32:59", "2009/01/05 02:35:00", "2009/01/05 02:35:59", "2009/01/05 02:36:59", "2009/01/05 02:39:00", "2009/01/05 02:39:59", "2009/01/05 02:42:00", "2009/01/05 02:42:59", "2009/01/05 02:44:00", "2009/01/05 02:45:59", "2009/01/05 02:47:00", "2009/01/05 02:48:59", "2009/01/05 02:50:00", "2009/01/05 02:51:00", "2009/01/05 02:51:59", "2009/01/05 02:54:00", "2009/01/05 02:55:59", "2009/01/05 02:58:00", "2009/01/05 03:00:00", "2009/01/05 03:11:00", "2009/01/05 03:13:00", "2009/01/05 03:14:00", "2009/01/05 03:17:00", "2009/01/05 03:20:00", "2009/01/05 03:20:59", "2009/01/05 03:33:00", "2009/01/05 03:35:00", "2009/01/05 03:42:00", "2009/01/05 03:46:59", "2009/01/05 03:49:59", "2009/01/05 03:58:00", "2009/01/05 04:05:00", "2009/01/05 04:08:00", "2009/01/05 04:15:59", "2009/01/05 04:21:00", "2009/01/05 04:22:59", "2009/01/05 04:31:00", "2009/01/05 04:41:59", "2009/01/05 04:44:00", "2009/01/05 04:59:00", "2009/01/05 05:00:59", "2009/01/05 05:10:00", "2009/01/05 05:13:59", "2009/01/05 05:25:00", "2009/01/05 05:29:00", "2009/01/05 05:32:00", "2009/01/05 05:35:00", "2009/01/05 05:39:00", "2009/01/05 05:39:59", "2009/01/05 05:41:00", "2009/01/05 05:44:00", "2009/01/05 05:45:00", "2009/01/05 05:47:00", "2009/01/05 05:48:00", "2009/01/05 05:48:59", "2009/01/05 05:50:00", "2009/01/05 05:51:00", "2009/01/05 05:54:00", "2009/01/05 05:55:59", "2009/01/05 05:57:00", "2009/01/05 06:11:59", "2009/01/05 06:16:00", "2009/01/05 06:19:00", "2009/01/05 06:20:00", "2009/01/05 06:20:59", "2009/01/05 06:39:00", "2009/01/05 06:53:00"]}