{"Geometry": [[-67.88755, 35.73481700000001]], "MMSI": 477082000, "DateTime": ["2009/01/31 12:17:59"]}