{"Geometry": [[-66.02512, 18.958315]], "MMSI": 310500000, "DateTime": ["2009/02/06 00:23:00"]}