{"Geometry": [[-66.001602, 18.945643000000004]], "MMSI": 310500000, "DateTime": ["2009/01/22 23:58:59"]}