{"Geometry": [[-66.285017, 19.138433000000006], [-66.30405, 19.128649999999993], [-66.32735, 19.117067000000006], [-66.338133, 19.111649999999997], [-66.389817, 19.085482999999996], [-66.3975, 19.081483000000006], [-66.40575, 19.077217000000005], [-66.432333, 19.063383], [-66.4512, 19.0535], [-66.459117, 19.049616999999998], [-66.4766, 19.040982999999997], [-66.4953, 19.031717], [-66.516667, 19.020567], [-66.5242, 19.016666999999998], [-66.53435, 19.011617], [-66.5401, 19.008733000000007], [-66.547567, 19.004883000000007], [-66.554233, 19.001482999999993], [-66.560033, 18.998267], [-66.568817, 18.993733000000006], [-66.575867, 18.990233000000003], [-66.588667, 18.9837], [-66.59935, 18.978217], [-66.604433, 18.9756], [-66.7547, 18.897367000000003], [-66.76855, 18.890316999999996], [-66.777367, 18.885767], [-66.817583, 18.864582999999996], [-66.8902, 18.825783], [-66.897517, 18.821816999999996], [-66.903117, 18.818933], [-66.911733, 18.814350000000005], [-66.919767, 18.810017000000002], [-66.926117, 18.806732999999994], [-66.9325, 18.803332999999995], [-66.976617, 18.779916999999998], [-67.025283, 18.753500000000003], [-67.0676, 18.730266999999998], [-67.077567, 18.724783000000002], [-67.085917, 18.719983], [-67.16215, 18.679132999999993], [-67.178017, 18.670783], [-67.20105, 18.658983000000006], [-67.206933, 18.655983000000006], [-67.2126, 18.653066999999993], [-67.220267, 18.649117000000004], [-67.228417, 18.644966999999994], [-67.237483, 18.640182999999993], [-67.24495, 18.636650000000003], [-67.252683, 18.633399999999995], [-67.260717, 18.630382999999995], [-67.27795, 18.624083], [-67.315133, 18.607617000000005], [-67.327833, 18.600516999999996], [-67.334233, 18.597016999999994], [-67.3398, 18.593999999999994], [-67.346033, 18.590666999999996], [-67.351617, 18.587716999999998], [-67.391467, 18.566383000000002], [-67.535233, 18.490350000000007], [-67.626867, 18.443433], [-68.68445, 17.596783000000002], [-68.518817, 17.677017000000006], [-68.4289, 17.778350000000003], [-68.394733, 17.81635], [-68.379017, 17.833533000000003], [-68.356567, 17.858050000000006], [-68.350817, 17.864582999999996], [-68.326367, 17.891733000000002], [-68.314483, 17.904882999999998], [-68.299183, 17.922016999999997], [-68.271567, 17.952799999999996], [-67.403617, 18.633733000000007], [-67.389533, 18.642117], [-67.383367, 18.645832999999996], [-67.2842, 18.704566999999997], [-67.278733, 18.707717000000002], [-67.27255, 18.711299999999994]], "MMSI": 372549000, "DateTime": ["2009/01/04 21:53:59", "2009/01/04 21:58:00", "2009/01/04 22:02:00", "2009/01/04 22:02:59", "2009/01/04 22:12:00", "2009/01/04 22:14:00", "2009/01/04 22:15:59", "2009/01/04 22:20:00", "2009/01/04 22:24:00", "2009/01/04 22:25:00", "2009/01/04 22:28:00", "2009/01/04 22:31:59", "2009/01/04 22:34:59", "2009/01/04 22:36:00", "2009/01/04 22:38:00", "2009/01/04 22:38:59", "2009/01/04 22:40:00", "2009/01/04 22:41:59", "2009/01/04 22:43:00", "2009/01/04 22:44:59", "2009/01/04 22:46:00", "2009/01/04 22:47:59", "2009/01/04 22:49:00", "2009/01/04 22:50:59", "2009/01/04 23:18:00", "2009/01/04 23:21:00", "2009/01/04 23:22:00", "2009/01/04 23:29:59", "2009/01/04 23:42:59", "2009/01/04 23:44:00", "2009/01/04 23:45:00", "2009/01/04 23:45:59", "2009/01/04 23:48:00", "2009/01/04 23:48:59", "2009/01/04 23:50:00", "2009/01/04 23:58:00", "2009/01/05 00:07:00", "2009/01/05 00:14:59", "2009/01/05 00:17:00", "2009/01/05 00:17:59", "2009/01/05 00:30:59", "2009/01/05 00:33:59", "2009/01/05 00:37:59", "2009/01/05 00:39:00", "2009/01/05 00:40:00", "2009/01/05 00:42:00", "2009/01/05 00:43:00", "2009/01/05 00:43:59", "2009/01/05 00:46:00", "2009/01/05 00:46:59", "2009/01/05 00:48:00", "2009/01/05 00:51:00", "2009/01/05 00:58:00", "2009/01/05 00:59:00", "2009/01/05 00:59:59", "2009/01/05 01:01:00", "2009/01/05 01:02:00", "2009/01/05 01:04:00", "2009/01/05 01:11:00", "2009/01/05 01:36:00", "2009/01/05 01:51:59", "2009/01/05 05:23:00", "2009/01/11 16:30:00", "2009/01/11 16:54:00", "2009/01/11 17:03:00", "2009/01/11 17:07:59", "2009/01/11 17:13:00", "2009/01/11 17:15:00", "2009/01/11 17:21:00", "2009/01/11 17:25:00", "2009/01/11 17:29:00", "2009/01/11 17:35:59", "2009/01/11 20:55:00", "2009/01/11 20:57:00", "2009/01/11 20:58:00", "2009/01/11 21:19:00", "2009/01/11 21:20:00", "2009/01/11 21:21:59"]}