{"Geometry": [[-69.534167, 30.833833]], "MMSI": 308311000, "DateTime": ["2009/04/29 01:37:00"]}