{"Geometry": [[-66.863983, 17.58345], [-66.860833, 17.581517000000005], [-66.855883, 17.578532999999993], [-66.851317, 17.575817], [-66.84815, 17.573932999999997], [-66.8454, 17.572333], [-66.842267, 17.570482999999996], [-66.839067, 17.568617000000003], [-66.835833, 17.566666999999995], [-66.833083, 17.56505], [-66.829083, 17.562650000000005], [-66.82535, 17.560450000000003], [-66.8213, 17.557950000000005], [-66.818583, 17.556332999999995], [-66.815867, 17.554699999999997], [-66.812733, 17.552833000000007], [-66.81005, 17.551167000000007], [-66.806383, 17.548967000000005], [-66.802333, 17.546400000000006], [-66.798733, 17.544250000000005], [-66.795083, 17.542], [-66.791017, 17.539550000000006], [-66.7806, 17.533249999999995], [-66.774283, 17.529283000000007], [-66.77115, 17.527316999999996], [-66.76805, 17.525433000000007], [-66.759483, 17.520233000000005], [-66.75635, 17.518282999999997], [-66.7514, 17.515299999999996], [-66.74605, 17.512033000000002], [-66.743417, 17.510417000000004], [-66.73935, 17.507917000000006], [-66.73445, 17.505016999999995], [-66.6971, 17.48245], [-66.68855, 17.477400000000003], [-66.682633, 17.473950000000002], [-66.679433, 17.472099999999998], [-66.668933, 17.465967000000006], [-66.664767, 17.463516999999996], [-66.65155, 17.455799999999996], [-66.6446, 17.451750000000004], [-66.641833, 17.450149999999994], [-66.638683, 17.448283000000004], [-66.6359, 17.446700000000007], [-66.62995, 17.443233000000006], [-66.6267, 17.44135], [-66.621183, 17.438182999999995], [-66.617083, 17.4358], [-66.603233, 17.427817000000005], [-66.583817, 17.416732999999994], [-66.580067, 17.414582999999993], [-66.575933, 17.412183], [-66.571333, 17.409599999999998], [-66.5593, 17.402766999999997], [-66.544067, 17.394017000000005], [-66.538983, 17.391099999999994], [-66.529783, 17.38575], [-66.524267, 17.382532999999995], [-66.516483, 17.37805], [-66.511867, 17.375366999999997], [-66.50625, 17.372100000000003], [-66.490767, 17.36305], [-66.472683, 17.352599999999995], [-66.466683, 17.349067000000005], [-66.457033, 17.343517000000006], [-66.428667, 17.327033], [-66.4159, 17.319517000000005], [-66.410517, 17.316283], [-66.405983, 17.313582999999994], [-66.3933, 17.306167000000002], [-66.342633, 17.277483000000004], [-66.317683, 17.263599999999997], [-66.1933, 17.199467], [-66.152467, 17.177449999999993], [-66.1495, 17.175917], [-66.127933, 17.164450000000002], [-66.086317, 17.142733000000007]], "MMSI": 308721000, "DateTime": ["2009/10/26 00:01:00", "2009/10/26 00:01:59", "2009/10/26 00:04:00", "2009/10/26 00:04:59", "2009/10/26 00:06:00", "2009/10/26 00:08:00", "2009/10/26 00:08:59", "2009/10/26 00:10:00", "2009/10/26 00:11:00", "2009/10/26 00:11:59", "2009/10/26 00:14:00", "2009/10/26 00:14:59", "2009/10/26 00:16:00", "2009/10/26 00:17:00", "2009/10/26 00:17:59", "2009/10/26 00:19:00", "2009/10/26 00:20:00", "2009/10/26 00:21:59", "2009/10/26 00:23:00", "2009/10/26 00:24:59", "2009/10/26 00:26:00", "2009/10/26 00:27:59", "2009/10/26 00:30:59", "2009/10/26 00:33:59", "2009/10/26 00:35:00", "2009/10/26 00:36:00", "2009/10/26 00:39:00", "2009/10/26 00:40:00", "2009/10/26 00:42:00", "2009/10/26 00:43:59", "2009/10/26 00:45:00", "2009/10/26 00:46:59", "2009/10/26 00:48:00", "2009/10/26 01:02:00", "2009/10/26 01:05:00", "2009/10/26 01:08:00", "2009/10/26 01:09:00", "2009/10/26 01:12:59", "2009/10/26 01:14:00", "2009/10/26 01:18:59", "2009/10/26 01:21:00", "2009/10/26 01:21:59", "2009/10/26 01:24:00", "2009/10/26 01:25:00", "2009/10/26 01:27:00", "2009/10/26 01:28:00", "2009/10/26 01:30:00", "2009/10/26 01:31:00", "2009/10/26 01:36:00", "2009/10/26 01:43:00", "2009/10/26 01:44:59", "2009/10/26 01:46:00", "2009/10/26 01:47:59", "2009/10/26 01:51:59", "2009/10/26 01:57:59", "2009/10/26 02:00:00", "2009/10/26 02:03:00", "2009/10/26 02:05:00", "2009/10/26 02:07:59", "2009/10/26 02:09:00", "2009/10/26 02:10:59", "2009/10/26 02:16:59", "2009/10/26 02:23:59", "2009/10/26 02:26:00", "2009/10/26 02:29:00", "2009/10/26 02:39:59", "2009/10/26 02:44:00", "2009/10/26 02:45:59", "2009/10/26 02:48:00", "2009/10/26 02:52:59", "2009/10/26 03:11:00", "2009/10/26 03:20:00", "2009/10/26 04:04:00", "2009/10/26 04:18:59", "2009/10/26 04:20:00", "2009/10/26 04:28:00", "2009/10/26 04:43:00"]}