{"Geometry": [[-67.42005, 17.624367000000007]], "MMSI": 311986000, "DateTime": ["2009/01/08 02:10:59"]}