{"Geometry": [[-66.248082, 19.261092000000005], [-66.296693, 19.230881999999994], [-66.377203, 19.180093], [-66.38116, 19.177622], [-66.385572, 19.174926999999997], [-66.390553, 19.171823000000003], [-66.398852, 19.166838], [-66.40351, 19.164043000000007], [-66.409707, 19.160345000000007], [-66.41472, 19.157387999999997], [-66.419098, 19.154764999999998], [-66.423467, 19.15218], [-66.429262, 19.148736999999997], [-66.433288, 19.146378], [-66.438453, 19.143372999999997], [-66.444213, 19.140029999999996], [-66.450782, 19.136196999999996], [-66.45506, 19.133542000000006], [-66.458948, 19.131147999999996], [-66.46531, 19.127155000000002], [-66.469612, 19.124489999999994], [-66.474658, 19.121288000000007], [-66.486837, 19.113860000000003], [-66.492592, 19.110349999999997], [-66.499028, 19.106413000000003], [-66.505437, 19.10244], [-66.50904, 19.100245], [-66.513362, 19.097582000000003], [-66.51733, 19.095107999999996], [-66.522405, 19.092020000000005], [-66.52815, 19.088462000000007], [-66.53318, 19.085363], [-66.536782, 19.083122000000003], [-66.54039, 19.080882000000003], [-66.544317, 19.078424999999996], [-66.549087, 19.075502], [-66.55442, 19.072203000000002], [-66.559512, 19.069036999999994], [-66.565965, 19.065038], [-66.571032, 19.061899999999994], [-66.578292, 19.057351999999995], [-66.587437, 19.051616999999993], [-66.603775, 19.041263], [-66.850087, 18.888630000000006], [-66.854598, 18.885842999999994], [-66.858715, 18.883287999999993], [-66.887277, 18.865758], [-66.892895, 18.862322000000006], [-66.896742, 18.859977], [-66.900878, 18.857465000000005], [-66.9074, 18.853494999999995], [-66.912243, 18.850542000000004], [-66.916027, 18.848237999999995], [-66.920165, 18.845685000000003], [-66.931518, 18.838797], [-66.936388, 18.835858], [-66.94016, 18.833578000000003], [-66.944287, 18.83108], [-67.03949, 18.775244999999998], [-67.043107, 18.773061999999996], [-67.217137, 18.658452999999994], [-67.222297, 18.655213000000003], [-67.226095, 18.652817], [-67.230295, 18.650189999999995], [-67.247842, 18.639407000000006], [-67.325197, 18.591920000000002], [-67.335425, 18.585592000000005], [-67.33898, 18.583389999999994], [-68.556233, 17.478224999999995], [-68.575347, 17.463352999999998], [-68.581028, 17.458895], [-68.585572, 17.455222000000006], [-68.590457, 17.451302999999996], [-68.595465, 17.447267999999994], [-68.599338, 17.444142], [-68.610228, 17.435316999999998], [-68.61713, 17.429618000000005]], "MMSI": 235006250, "DateTime": ["2009/08/26 06:01:59", "2009/08/26 06:14:59", "2009/08/26 06:37:59", "2009/08/26 06:39:00", "2009/08/26 06:40:00", "2009/08/26 06:42:00", "2009/08/26 06:43:59", "2009/08/26 06:45:00", "2009/08/26 06:46:59", "2009/08/26 06:48:00", "2009/08/26 06:49:59", "2009/08/26 06:51:00", "2009/08/26 06:52:00", "2009/08/26 06:53:00", "2009/08/26 06:55:00", "2009/08/26 06:56:00", "2009/08/26 06:58:00", "2009/08/26 06:59:00", "2009/08/26 07:01:00", "2009/08/26 07:02:00", "2009/08/26 07:04:00", "2009/08/26 07:05:00", "2009/08/26 07:08:00", "2009/08/26 07:09:59", "2009/08/26 07:12:00", "2009/08/26 07:14:00", "2009/08/26 07:15:00", "2009/08/26 07:15:59", "2009/08/26 07:17:00", "2009/08/26 07:18:00", "2009/08/26 07:20:00", "2009/08/26 07:21:00", "2009/08/26 07:21:59", "2009/08/26 07:22:59", "2009/08/26 07:24:00", "2009/08/26 07:25:59", "2009/08/26 07:27:00", "2009/08/26 07:28:59", "2009/08/26 07:30:00", "2009/08/26 07:31:59", "2009/08/26 07:34:00", "2009/08/26 07:36:00", "2009/08/26 07:41:00", "2009/08/26 08:47:00", "2009/08/26 08:48:00", "2009/08/26 08:48:59", "2009/08/26 08:57:00", "2009/08/26 08:58:00", "2009/08/26 08:58:59", "2009/08/26 09:01:00", "2009/08/26 09:01:59", "2009/08/26 09:04:00", "2009/08/26 09:04:59", "2009/08/26 09:06:00", "2009/08/26 09:08:59", "2009/08/26 09:10:00", "2009/08/26 09:11:00", "2009/08/26 09:11:59", "2009/08/26 09:37:59", "2009/08/26 09:39:00", "2009/08/26 10:28:59", "2009/08/26 10:31:00", "2009/08/26 10:31:59", "2009/08/26 10:33:00", "2009/08/26 10:38:00", "2009/08/26 11:00:00", "2009/08/26 11:03:00", "2009/08/26 11:03:59", "2009/08/26 18:01:59", "2009/08/26 18:08:00", "2009/08/26 18:08:59", "2009/08/26 18:11:00", "2009/08/26 18:11:59", "2009/08/26 18:14:00", "2009/08/26 18:14:59", "2009/08/26 18:17:59", "2009/08/26 18:20:00"]}