{"Geometry": [[-69.884275, 27.816927000000007]], "MMSI": 308563000, "DateTime": ["2009/11/27 23:55:00"]}