{"Geometry": [[-66.090705, 18.437866999999997], [-66.090708, 18.437884999999994], [-66.090737, 18.437872], [-66.09071, 18.437929999999994], [-66.09065, 18.437898000000004], [-66.090693, 18.437877999999998], [-66.090783, 18.437866999999997], [-66.090748, 18.437775000000002], [-66.090633, 18.437875000000005], [-66.090673, 18.437907999999993], [-66.090578, 18.437865000000002], [-66.090665, 18.437842000000003], [-66.090708, 18.437803000000002], [-66.090628, 18.437765], [-66.090638, 18.437775000000002], [-66.090672, 18.437839999999994], [-66.090632, 18.437785000000005], [-66.090598, 18.437802000000005], [-66.090435, 18.437962999999996], [-66.090052, 18.438379999999995], [-66.089522, 18.438907], [-66.088953, 18.439639999999997], [-66.088298, 18.440503000000007], [-66.087948, 18.441500000000005], [-66.088182, 18.442700000000002], [-66.08937, 18.443520000000007], [-66.091027, 18.444117000000006], [-66.092953, 18.444667999999993], [-66.095383, 18.445347999999996], [-66.097643, 18.446051999999995], [-66.099878, 18.446799999999996], [-66.10214, 18.447592], [-66.104323, 18.448494999999994], [-66.106915, 18.449735000000004], [-66.109003, 18.451037], [-66.11101, 18.452420000000004], [-66.112943, 18.453914999999995], [-66.114825, 18.455382], [-66.116833, 18.456869999999995], [-66.118767, 18.458330000000004], [-66.120913, 18.460061999999994], [-66.122772, 18.461619999999996], [-66.124547, 18.463224999999994], [-66.125975, 18.465097], [-66.127068, 18.467228000000006], [-66.127743, 18.469482], [-66.127927, 18.472153000000006], [-66.127898, 18.47426], [-66.127873, 18.476356999999993], [-66.12791, 18.478610000000003], [-66.126118, 18.480168000000006], [-66.123217, 18.481157999999994], [-66.119372, 18.482383], [-66.115778, 18.48357], [-66.111972, 18.484795000000005], [-66.108035, 18.486054999999993], [-66.103507, 18.487506999999994], [-66.09915, 18.488883], [-66.094703, 18.490292999999994], [-66.090173, 18.491747000000004], [-66.08502, 18.493399999999994], [-66.080182, 18.494988000000006], [-66.075315, 18.496588000000003], [-66.070395, 18.498197000000005], [-66.065458, 18.499847000000003], [-66.060497, 18.501508], [-66.05555, 18.503141999999997], [-66.050575, 18.504647000000006], [-66.045717, 18.504492], [-66.040585, 18.504080000000002], [-66.03539, 18.503663000000003], [-66.030125, 18.503282], [-66.024863, 18.502934999999994], [-66.019598, 18.502606999999998], [-66.01434, 18.502264999999994], [-66.008943, 18.501942999999997], [-66.003705, 18.501658000000006]], "MMSI": 304517000, "DateTime": ["2009/05/22 00:01:00", "2009/05/22 00:04:00", "2009/05/22 00:07:00", "2009/05/22 00:10:00", "2009/05/22 00:13:00", "2009/05/22 00:16:00", "2009/05/22 00:19:00", "2009/05/22 00:24:59", "2009/05/22 00:27:59", "2009/05/22 00:30:59", "2009/05/22 00:33:59", "2009/05/22 00:36:59", "2009/05/22 00:40:00", "2009/05/22 00:43:00", "2009/05/22 00:46:00", "2009/05/22 00:49:00", "2009/05/22 00:52:00", "2009/05/22 00:55:00", "2009/05/22 00:56:00", "2009/05/22 00:58:00", "2009/05/22 00:59:00", "2009/05/22 00:59:59", "2009/05/22 01:01:00", "2009/05/22 01:02:00", "2009/05/22 01:02:59", "2009/05/22 01:04:00", "2009/05/22 01:05:00", "2009/05/22 01:05:59", "2009/05/22 01:06:59", "2009/05/22 01:08:00", "2009/05/22 01:09:00", "2009/05/22 01:09:59", "2009/05/22 01:11:00", "2009/05/22 01:12:00", "2009/05/22 01:12:59", "2009/05/22 01:14:00", "2009/05/22 01:15:00", "2009/05/22 01:15:59", "2009/05/22 01:17:00", "2009/05/22 01:18:00", "2009/05/22 01:18:59", "2009/05/22 01:20:00", "2009/05/22 01:21:00", "2009/05/22 01:21:59", "2009/05/22 01:22:59", "2009/05/22 01:24:00", "2009/05/22 01:25:00", "2009/05/22 01:25:59", "2009/05/22 01:27:00", "2009/05/22 01:28:00", "2009/05/22 01:28:59", "2009/05/22 01:30:00", "2009/05/22 01:31:00", "2009/05/22 01:31:59", "2009/05/22 01:33:00", "2009/05/22 01:34:00", "2009/05/22 01:36:00", "2009/05/22 01:37:00", "2009/05/22 01:38:00", "2009/05/22 01:38:59", "2009/05/22 01:40:00", "2009/05/22 01:41:00", "2009/05/22 01:41:59", "2009/05/22 01:43:00", "2009/05/22 01:44:00", "2009/05/22 01:44:59", "2009/05/22 01:46:00", "2009/05/22 01:47:00", "2009/05/22 01:47:59", "2009/05/22 01:49:00", "2009/05/22 01:50:00", "2009/05/22 01:50:59", "2009/05/22 01:51:59", "2009/05/22 01:53:00", "2009/05/22 01:54:00", "2009/05/22 01:54:59", "2009/05/22 01:56:00"]}