{"Geometry": [[-69.809412, 30.670086999999995]], "MMSI": 215719000, "DateTime": ["2009/07/10 12:37:59"]}