{"Geometry": [[-71.265032, 39.124583]], "MMSI": 636091332, "DateTime": ["2009/03/24 03:01:59"]}