{"Geometry": [[-68.602602, 25.226417999999995]], "MMSI": 304010830, "DateTime": ["2009/05/21 17:06:00"]}