{"Geometry": [[-68.58006, 18.015332]], "MMSI": 366904210, "DateTime": ["2009/11/02 03:59:59"]}