{"Geometry": [[-67.667362, 23.474320000000006]], "MMSI": 244149000, "DateTime": ["2009/12/04 22:21:00"]}