{"Geometry": [[-68.376533, 17.699200000000005]], "MMSI": 538002335, "DateTime": ["2009/01/16 09:48:00"]}