{"Geometry": [[-66.048433, 18.960717000000002]], "MMSI": 240505000, "DateTime": ["2009/08/17 13:46:00"]}