{"Geometry": [[-66.292933, 19.246983]], "MMSI": 240505000, "DateTime": ["2009/12/15 19:25:59"]}