{"Geometry": [[-68.095617, 26.765483000000003]], "MMSI": 240505000, "DateTime": ["2009/11/24 14:16:00"]}