{"Geometry": [[-68.06968, 24.135166999999996]], "MMSI": 319991000, "DateTime": ["2009/12/23 22:06:59"]}