{"Geometry": [[-68.396798, 40.724301999999994]], "MMSI": 266018000, "DateTime": ["2009/10/05 00:14:00"]}