{"Geometry": [[-71.943488, 39.04329200000001]], "MMSI": 636091611, "DateTime": ["2009/07/23 23:15:00"]}