{"Geometry": [[-66.983133, 19.444599999999994]], "MMSI": 636011494, "DateTime": ["2009/08/27 18:00:00"]}