{"Geometry": [[-71.944517, 26.513917000000006]], "MMSI": 636011186, "DateTime": ["2009/12/30 14:45:59"]}