{"Geometry": [[-68.273027, 27.834886999999995]], "MMSI": 367011050, "DateTime": ["2009/12/18 00:43:59"]}