{"Geometry": [[-66.415247, 19.167682999999997]], "MMSI": 244078000, "DateTime": ["2009/01/08 02:44:00"]}