{"Geometry": [[-66.459808, 18.819119999999998]], "MMSI": 366766990, "DateTime": ["2009/12/16 02:26:00"]}