{"Geometry": [[-67.015315, 19.141132999999996]], "MMSI": 636090939, "DateTime": ["2009/01/09 14:25:00"]}