{"Geometry": [[-66.410833, 19.229622000000006]], "MMSI": 246553000, "DateTime": ["2009/10/24 03:56:59"]}