{"Geometry": [[-69.102468, 44.104375000000005]], "MMSI": 369023000, "DateTime": ["2009/08/26 00:33:00"]}