{"Geometry": [[-70.606567, 34.544583]], "MMSI": 563716000, "DateTime": ["2009/08/25 09:43:59"]}