{"Geometry": [[-68.387172, 29.031108000000003]], "MMSI": 245789000, "DateTime": ["2009/05/03 15:32:00"]}