{"Geometry": [[-71.776167, 37.29643]], "MMSI": 636008252, "DateTime": ["2009/08/17 15:14:59"]}