{"Geometry": [[-71.592688, 37.702358000000004]], "MMSI": 636008252, "DateTime": ["2009/09/29 15:56:00"]}