{"Geometry": [[-68.529462, 42.66092800000001]], "MMSI": 316001890, "DateTime": ["2009/01/21 05:05:00"]}