{"Geometry": [[-66.134738, 31.371798]], "MMSI": 308599000, "DateTime": ["2009/01/31 12:08:00"]}