{"Geometry": [[-68.753003, 25.507900000000006]], "MMSI": 367101940, "DateTime": ["2009/05/01 08:16:00"]}