{"Geometry": [[-71.161732, 36.538596999999996]], "MMSI": 244820000, "DateTime": ["2009/08/12 01:09:00"]}