{"Geometry": [[-66.629397, 33.841312]], "MMSI": 244820000, "DateTime": ["2009/12/10 03:20:00"]}