{"Geometry": [[-69.78964, 35.556037]], "MMSI": 244820000, "DateTime": ["2009/02/05 03:59:00"]}