{"Geometry": [[-70.358767, 35.711838]], "MMSI": 244820000, "DateTime": ["2009/01/07 02:39:59"]}