{"Geometry": [[-71.840857, 36.957858]], "MMSI": 244820000, "DateTime": ["2009/09/22 20:13:59"]}