{"Geometry": [[-70.127902, 39.59277800000001]], "MMSI": 366196000, "DateTime": ["2009/02/11 21:36:59"]}