{"Geometry": [[-70.939735, 38.513768]], "MMSI": 366196000, "DateTime": ["2009/10/14 23:50:00"]}