{"Geometry": [[-69.789667, 14.484367000000006]], "MMSI": 538002749, "DateTime": ["2009/10/12 20:02:00"]}