{"Geometry": [[-70.654462, 36.750173000000004]], "MMSI": 247073900, "DateTime": ["2009/08/13 06:27:59"]}