{"Geometry": [[-71.867167, 40.38820000000001]], "MMSI": 636090620, "DateTime": ["2009/01/22 06:33:00"]}