{"Geometry": [[-70.404713, -23.632019999999997]], "MMSI": 256327000, "DateTime": ["2009/12/29 13:54:59"]}