{"Geometry": [[-70.704577, 47.109432]], "MMSI": 316001878, "DateTime": ["2009/08/24 05:42:59"]}