{"Geometry": [[-70.446833, 39.199332999999996]], "MMSI": 567315000, "DateTime": ["2009/01/18 22:28:00"]}