{"Geometry": [[-66.027087, 16.89841]], "MMSI": 240160000, "DateTime": ["2009/04/20 09:58:00"]}