{"Geometry": [[-68.486645, 24.265176999999994]], "MMSI": 311612000, "DateTime": ["2009/04/26 10:37:00"]}