{"Geometry": [[-68.633117, 27.040149999999997]], "MMSI": 255801260, "DateTime": ["2009/10/03 06:00:00"]}