{"Geometry": [[-70.627325, -20.377461999999994]], "MMSI": 304164000, "DateTime": ["2009/12/29 13:54:59"]}