{"Geometry": [[-69.209272, 38.14596700000001]], "MMSI": 564841000, "DateTime": ["2009/08/06 19:43:00"]}