{"Geometry": [[-70.205063, -22.087823]], "MMSI": 725000721, "DateTime": ["2009/12/29 13:56:00"]}