{"Geometry": [[-67.030437, 19.176325000000006]], "MMSI": 371083000, "DateTime": ["2009/10/08 00:00:00"]}