{"Geometry": [[-68.025833, 17.478499999999997]], "MMSI": 636012906, "DateTime": ["2009/05/28 00:27:59"]}