{"Geometry": [[-67.41927, 17.135982999999996]], "MMSI": 636012906, "DateTime": ["2009/05/09 04:25:00"]}