{"Geometry": [[-66.014917, 18.754149999999996]], "MMSI": 319104000, "DateTime": ["2009/03/10 03:32:00"]}