{"Geometry": [[-66.113467, 18.462950000000006], [-66.113467, 18.462950000000006], [-66.113467, 18.462950000000006], [-66.113467, 18.462950000000006], [-66.113467, 18.462950000000006], [-66.113467, 18.462950000000006], [-66.113467, 18.462950000000006], [-66.113467, 18.462950000000006], [-66.113467, 18.462950000000006], [-66.113467, 18.462950000000006], [-66.113467, 18.462950000000006], [-66.113467, 18.462950000000006], [-66.113467, 18.462950000000006], [-66.113467, 18.462950000000006], [-66.113467, 18.462950000000006], [-66.113483, 18.462950000000006], [-66.113467, 18.462950000000006], [-66.113467, 18.462950000000006], [-66.113417, 18.462817], [-66.11325, 18.462383000000003], [-66.1131, 18.46185], [-66.112933, 18.461167000000003], [-66.112767, 18.460300000000004], [-66.112633, 18.459400000000002], [-66.1124, 18.458650000000006], [-66.112183, 18.458150000000003], [-66.112433, 18.457882999999995], [-66.113383, 18.457583], [-66.115117, 18.457099999999997], [-66.117167, 18.457082999999997], [-66.118917, 18.458016999999998], [-66.120467, 18.459500000000006], [-66.122217, 18.461316999999994], [-66.124083, 18.463233000000002], [-66.1264, 18.465649999999997], [-66.127717, 18.467983000000004], [-66.128017, 18.470467], [-66.128217, 18.473366999999996], [-66.128433, 18.4765], [-66.128583, 18.479217000000006], [-66.128067, 18.481932999999998], [-66.126767, 18.484849999999994], [-66.125467, 18.487567], [-66.124167, 18.490317000000005], [-66.086283, 18.549616999999998], [-66.08385, 18.549833000000007], [-66.080517, 18.549982999999997], [-66.076467, 18.550133000000002], [-66.07375, 18.550282999999993], [-66.07145, 18.550382999999997], [-66.069167, 18.55055], [-66.06655, 18.550799999999995], [-66.06435, 18.550967], [-66.06205, 18.551182999999995], [-66.059267, 18.551467000000002], [-66.056533, 18.551699999999997], [-66.053683, 18.551933000000005], [-66.051317, 18.552132999999998], [-66.0486, 18.552432999999994], [-66.045867, 18.5527], [-66.043083, 18.552949999999996], [-66.040667, 18.553167000000002], [-66.038317, 18.553399999999996], [-66.030333, 18.554282999999998], [-66.027933, 18.554567000000006], [-66.025533, 18.554883000000004], [-66.023117, 18.555183], [-66.0207, 18.555432999999994], [-66.018283, 18.555516999999995], [-66.01505, 18.555516999999995], [-66.012633, 18.555516999999995], [-66.0097, 18.555499999999995], [-66.0068, 18.555482999999995], [-66.004367, 18.555449999999993], [-66.001583, 18.555417000000006]], "MMSI": 227194000, "DateTime": ["2009/12/23 00:00:00", "2009/12/23 00:01:00", "2009/12/23 00:01:59", "2009/12/23 00:03:00", "2009/12/23 00:04:00", "2009/12/23 00:04:59", "2009/12/23 00:06:00", "2009/12/23 00:07:00", "2009/12/23 00:08:00", "2009/12/23 00:08:59", "2009/12/23 00:10:00", "2009/12/23 00:11:00", "2009/12/23 00:11:59", "2009/12/23 00:13:00", "2009/12/23 00:14:00", "2009/12/23 00:14:59", "2009/12/23 00:16:00", "2009/12/23 00:17:00", "2009/12/23 00:17:59", "2009/12/23 00:19:00", "2009/12/23 00:20:00", "2009/12/23 00:20:59", "2009/12/23 00:21:59", "2009/12/23 00:24:00", "2009/12/23 00:24:59", "2009/12/23 00:26:00", "2009/12/23 00:27:00", "2009/12/23 00:27:59", "2009/12/23 00:29:00", "2009/12/23 00:30:00", "2009/12/23 00:30:59", "2009/12/23 00:32:00", "2009/12/23 00:33:00", "2009/12/23 00:33:59", "2009/12/23 00:35:00", "2009/12/23 00:36:00", "2009/12/23 00:36:59", "2009/12/23 00:37:59", "2009/12/23 00:39:00", "2009/12/23 00:40:00", "2009/12/23 00:40:59", "2009/12/23 00:42:00", "2009/12/23 00:43:00", "2009/12/23 00:43:59", "2009/12/23 01:11:00", "2009/12/23 01:12:00", "2009/12/23 01:12:59", "2009/12/23 01:15:00", "2009/12/23 01:15:59", "2009/12/23 01:17:00", "2009/12/23 01:18:00", "2009/12/23 01:18:59", "2009/12/23 01:20:00", "2009/12/23 01:21:00", "2009/12/23 01:22:59", "2009/12/23 01:24:00", "2009/12/23 01:25:00", "2009/12/23 01:25:59", "2009/12/23 01:27:00", "2009/12/23 01:28:00", "2009/12/23 01:28:59", "2009/12/23 01:30:00", "2009/12/23 01:31:00", "2009/12/23 01:34:59", "2009/12/23 01:36:00", "2009/12/23 01:37:00", "2009/12/23 01:38:00", "2009/12/23 01:38:59", "2009/12/23 01:40:00", "2009/12/23 01:41:00", "2009/12/23 01:41:59", "2009/12/23 01:43:00", "2009/12/23 01:44:00", "2009/12/23 01:44:59", "2009/12/23 01:47:00"]}