{"Geometry": [[-68.264085, 26.696430000000007]], "MMSI": 258722000, "DateTime": ["2009/08/12 02:19:00"]}