{"Geometry": [[-71.54786, 15.138512000000006]], "MMSI": 367018660, "DateTime": ["2009/12/28 22:05:00"]}