{"Geometry": [[-68.997613, 26.438732]], "MMSI": 253335000, "DateTime": ["2009/12/01 19:44:59"]}