{"Geometry": [[-68.749125, 26.139768000000004]], "MMSI": 253335000, "DateTime": ["2009/12/29 00:33:59"]}