{"Geometry": [[-68.862667, 17.687832999999998], [-68.8095, 17.7145], [-68.712667, 17.765833], [-68.273, 17.998666999999998], [-68.268, 18.004166999999995], [-68.2405, 18.037499999999994], [-68.221667, 18.060666999999995], [-68.211667, 18.072666999999996], [-68.208167, 18.076667], [-68.163667, 18.132166999999995], [-68.1065, 18.203666999999996], [-68.091333, 18.2235], [-68.06, 18.263499999999993], [-68.041, 18.287333000000004], [-68.016167, 18.318332999999996], [-68.005667, 18.331500000000005], [-67.943833, 18.406499999999994], [-67.932, 18.42], [-67.928833, 18.424000000000007], [-67.918667, 18.435833000000002], [-67.554, 18.786500000000004], [-67.251167, 18.868832999999995], [-67.245, 18.870333000000002], [-67.238167, 18.872332999999998], [-67.232167, 18.873833000000005], [-67.226, 18.875500000000002], [-67.2205, 18.877167], [-67.215, 18.878500000000003], [-67.21, 18.879999999999995], [-67.2035, 18.881666999999993], [-67.198333, 18.883667000000003], [-67.192333, 18.885666999999998], [-67.182333, 18.889499999999998], [-67.1775, 18.891166999999996], [-67.171167, 18.893500000000003], [-67.161833, 18.896500000000003], [-67.154167, 18.899], [-67.149, 18.900499999999994], [-67.144167, 18.901832999999996], [-67.139333, 18.903667], [-67.1345, 18.905167000000006], [-67.128667, 18.906999999999996], [-67.123, 18.909166999999997], [-67.117167, 18.9105], [-67.112167, 18.911833], [-67.105667, 18.913332999999994], [-67.100667, 18.914666999999994], [-67.096, 18.916167], [-67.091, 18.917333], [-67.085833, 18.918499999999995], [-67.08, 18.920167000000006], [-67.075167, 18.921667], [-67.068333, 18.923500000000004], [-67.063333, 18.925167000000002], [-67.0585, 18.926833000000002], [-67.0525, 18.928332999999995], [-67.047167, 18.930000000000007], [-67.042333, 18.9315], [-67.037333, 18.933000000000007], [-67.032167, 18.934667000000005], [-67.027333, 18.936499999999995], [-67.021833, 18.938000000000002], [-67.017, 18.939499999999995], [-67.010167, 18.941666999999995], [-67.004167, 18.943332999999996], [-66.998, 18.945499999999996], [-66.993, 18.947000000000003], [-66.982667, 18.950500000000005], [-66.962, 18.956833000000003], [-66.952833, 18.959999999999994], [-66.933667, 18.965999999999994], [-66.914333, 18.971999999999994], [-66.797667, 19.006833], [-66.773167, 19.015], [-66.472833, 19.102333], [-66.462, 19.105000000000004], [-66.441167, 19.111000000000004], [-66.424333, 19.115667000000002], [-66.389667, 19.127832999999995], [-66.329333, 19.150667]], "MMSI": 636091462, "DateTime": ["2009/03/30 03:04:59", "2009/03/30 03:16:00", "2009/03/30 03:37:59", "2009/03/30 05:13:00", "2009/03/30 05:13:59", "2009/03/30 05:23:00", "2009/03/30 05:28:00", "2009/03/30 05:31:00", "2009/03/30 05:32:00", "2009/03/30 05:45:59", "2009/03/30 06:04:00", "2009/03/30 06:08:59", "2009/03/30 06:19:00", "2009/03/30 06:24:59", "2009/03/30 06:33:00", "2009/03/30 06:36:59", "2009/03/30 06:56:00", "2009/03/30 06:59:59", "2009/03/30 07:01:00", "2009/03/30 07:04:00", "2009/03/30 08:47:00", "2009/03/30 09:48:00", "2009/03/30 09:49:00", "2009/03/30 09:51:00", "2009/03/30 09:52:00", "2009/03/30 09:53:00", "2009/03/30 09:53:59", "2009/03/30 09:55:00", "2009/03/30 09:56:00", "2009/03/30 09:58:00", "2009/03/30 09:59:00", "2009/03/30 09:59:59", "2009/03/30 10:02:00", "2009/03/30 10:02:59", "2009/03/30 10:04:00", "2009/03/30 10:05:59", "2009/03/30 10:08:00", "2009/03/30 10:09:00", "2009/03/30 10:09:59", "2009/03/30 10:11:00", "2009/03/30 10:12:00", "2009/03/30 10:12:59", "2009/03/30 10:14:00", "2009/03/30 10:15:00", "2009/03/30 10:15:59", "2009/03/30 10:18:00", "2009/03/30 10:18:59", "2009/03/30 10:20:00", "2009/03/30 10:21:00", "2009/03/30 10:21:59", "2009/03/30 10:22:59", "2009/03/30 10:24:00", "2009/03/30 10:25:00", "2009/03/30 10:25:59", "2009/03/30 10:27:00", "2009/03/30 10:28:00", "2009/03/30 10:30:00", "2009/03/30 10:31:00", "2009/03/30 10:31:59", "2009/03/30 10:33:00", "2009/03/30 10:34:00", "2009/03/30 10:34:59", "2009/03/30 10:36:00", "2009/03/30 10:37:00", "2009/03/30 10:38:00", "2009/03/30 10:40:00", "2009/03/30 10:41:00", "2009/03/30 10:43:00", "2009/03/30 10:47:00", "2009/03/30 10:49:00", "2009/03/30 10:53:00", "2009/03/30 10:57:00", "2009/03/30 11:19:59", "2009/03/30 11:25:00", "2009/03/30 12:26:00", "2009/03/30 12:27:59", "2009/03/30 12:32:00", "2009/03/30 12:35:00", "2009/03/30 12:43:00", "2009/03/30 12:55:00"]}