{"Geometry": [[-68.845868, 44.343098], [-68.856717, 44.320683], [-68.858748, 44.31653299999999], [-68.862382, 44.30896799999999], [-68.864482, 44.30471800000001], [-68.867532, 44.298337000000004], [-68.869297, 44.294636999999994], [-68.87123, 44.29047], [-68.873047, 44.28670500000001], [-68.874947, 44.28270499999999], [-68.876747, 44.27890500000001], [-68.878563, 44.27515500000001], [-68.880347, 44.27140499999999], [-68.88218, 44.26758799999999], [-68.88413, 44.26344], [-68.88733, 44.25675699999999], [-68.892597, 44.24583999999999], [-68.896595, 44.23754199999999], [-68.907928, 44.214077], [-68.910112, 44.209576999999996], [-68.913445, 44.202743], [-68.915595, 44.19829300000001], [-68.917793, 44.19376199999999], [-68.91956, 44.18996200000001], [-68.922577, 44.18349499999999], [-68.925327, 44.177812999999986], [-68.927793, 44.17251300000001], [-68.931027, 44.16578000000001], [-68.932793, 44.16208], [-68.93456, 44.15824699999999], [-68.936992, 44.15284700000001], [-68.959785, 44.135503], [-69.002895, 44.10337000000001], [-69.0049, 44.06326999999999], [-69.005352, 44.05927199999999], [-69.006353, 44.055305000000004], [-69.007353, 44.05143799999999], [-69.008418, 44.04710499999999], [-69.008517, 44.03340700000001], [-69.007947, 44.029392], [-69.002642, 44.023442999999986], [-68.999208, 44.02052699999999], [-68.995743, 44.017628], [-68.980343, 44.00491199999999], [-68.975828, 44.00106199999999], [-68.971428, 43.997262000000006], [-68.95903, 43.98624699999999], [-68.955647, 43.98343], [-68.951597, 43.98008200000001], [-68.946563, 43.97584800000001], [-68.892733, 43.93104299999999], [-68.888832, 43.92807300000001], [-68.885212, 43.927159999999986], [-68.874975, 43.92718500000001], [-68.86285, 43.927333000000004], [-68.859085, 43.927402], [-68.844862, 43.927617999999995], [-68.8334, 43.92773299999999], [-68.828798, 43.927817000000005], [-68.819932, 43.92773199999999], [-68.814382, 43.92763199999999], [-68.809365, 43.92755], [-68.803765, 43.92750000000001], [-68.7964, 43.92741699999999], [-68.791417, 43.92736500000001], [-68.786433, 43.92724799999999], [-68.7815, 43.927198000000004], [-68.775833, 43.927098], [-68.770783, 43.926998], [-68.765717, 43.92693299999999], [-68.760585, 43.92683199999999], [-68.755402, 43.92685], [-68.749235, 43.926883000000004], [-68.743002, 43.926950000000005], [-68.696973, 43.92685], [-68.689455, 43.926799999999986], [-68.670058, 43.925262000000004], [-68.664827, 43.924710000000005], [-68.654748, 43.92562799999999]], "MMSI": 538002220, "DateTime": ["2009/08/12 15:27:00", "2009/08/12 15:33:00", "2009/08/12 15:33:59", "2009/08/12 15:36:00", "2009/08/12 15:36:59", "2009/08/12 15:39:00", "2009/08/12 15:40:00", "2009/08/12 15:40:59", "2009/08/12 15:42:00", "2009/08/12 15:43:00", "2009/08/12 15:43:59", "2009/08/12 15:45:00", "2009/08/12 15:46:00", "2009/08/12 15:46:59", "2009/08/12 15:48:00", "2009/08/12 15:49:59", "2009/08/12 15:53:00", "2009/08/12 15:55:00", "2009/08/12 16:01:00", "2009/08/12 16:02:59", "2009/08/12 16:04:00", "2009/08/12 16:05:59", "2009/08/12 16:06:59", "2009/08/12 16:08:00", "2009/08/12 16:09:00", "2009/08/12 16:11:00", "2009/08/12 16:12:00", "2009/08/12 16:14:00", "2009/08/12 16:15:00", "2009/08/12 16:15:59", "2009/08/12 16:18:00", "2009/08/12 16:24:00", "2009/08/12 16:34:59", "2009/08/12 16:46:00", "2009/08/12 16:47:00", "2009/08/12 16:47:59", "2009/08/12 16:49:00", "2009/08/12 16:50:00", "2009/08/12 16:53:00", "2009/08/12 16:54:00", "2009/08/12 16:56:00", "2009/08/12 16:57:00", "2009/08/12 16:57:59", "2009/08/12 17:03:00", "2009/08/12 17:03:59", "2009/08/12 17:05:00", "2009/08/12 17:09:00", "2009/08/12 17:10:00", "2009/08/12 17:10:59", "2009/08/12 17:13:00", "2009/08/12 17:29:59", "2009/08/12 17:31:00", "2009/08/12 17:32:00", "2009/08/12 17:35:00", "2009/08/12 17:38:00", "2009/08/12 17:39:00", "2009/08/12 17:44:00", "2009/08/12 17:47:00", "2009/08/12 17:48:00", "2009/08/12 17:48:59", "2009/08/12 17:51:00", "2009/08/12 17:51:59", "2009/08/12 17:52:59", "2009/08/12 17:54:00", "2009/08/12 17:55:00", "2009/08/12 17:55:59", "2009/08/12 17:57:00", "2009/08/12 17:58:00", "2009/08/12 17:58:59", "2009/08/12 18:00:00", "2009/08/12 18:01:00", "2009/08/12 18:01:59", "2009/08/12 18:04:00", "2009/08/12 18:04:59", "2009/08/12 18:13:00", "2009/08/12 18:14:59", "2009/08/12 18:17:59", "2009/08/12 18:19:00", "2009/08/12 18:20:59"]}