{"Geometry": [[-67.82535, 44.18185500000001]], "MMSI": 538002220, "DateTime": ["2009/12/30 21:37:59"]}