{"Geometry": [[-71.288517, 33.063632999999996]], "MMSI": 538090242, "DateTime": ["2009/04/02 19:14:00"]}