{"Geometry": [[-69.60885, 21.75385]], "MMSI": 412428000, "DateTime": ["2009/01/27 07:51:59"]}