{"Geometry": [[-70.408633, 37.935033000000004]], "MMSI": 367063280, "DateTime": ["2009/10/21 11:50:00"]}