{"Geometry": [[-69.886633, 35.156817000000004]], "MMSI": 256808000, "DateTime": ["2009/12/17 07:04:00"]}