{"Geometry": [[-67.586983, 31.373616999999996]], "MMSI": 477780000, "DateTime": ["2009/08/12 06:40:00"]}