{"Geometry": [[-68.373383, 18.004850000000005]], "MMSI": 273812200, "DateTime": ["2009/11/18 01:34:00"]}