{"Geometry": [[-67.16187, 23.445193000000003]], "MMSI": 538002992, "DateTime": ["2009/04/25 10:12:00"]}