{"Geometry": [[-69.289938, 18.427347999999995]], "MMSI": 370630000, "DateTime": ["2009/10/01 16:50:59"]}