{"Geometry": [[-70.656033, 47.15905000000001]], "MMSI": 477762000, "DateTime": ["2009/12/30 21:33:59"]}