{"Geometry": [[-67.062133, 17.455083000000002]], "MMSI": 538090372, "DateTime": ["2009/04/25 06:27:00"]}