{"Geometry": [[-71.930667, 30.851167000000004]], "MMSI": 309373000, "DateTime": ["2009/08/10 12:00:00"]}