{"Geometry": [[-67.926067, 15.626932999999994]], "MMSI": 212489000, "DateTime": ["2009/08/09 02:32:59"]}