{"Geometry": [[-70.903522, 40.392866999999995]], "MMSI": 636013411, "DateTime": ["2009/11/21 00:11:00"]}