{"Geometry": [[-71.989217, 37.253517]], "MMSI": 235059376, "DateTime": ["2009/08/01 11:54:00"]}