{"Geometry": [[-66.60055, 15.393469999999994]], "MMSI": 305247000, "DateTime": ["2009/10/04 12:33:59"]}