{"Geometry": [[-68.909992, 40.479111999999986]], "MMSI": 211203370, "DateTime": ["2009/05/24 00:43:59"]}