{"Geometry": [[-66.048908, 18.953117000000006]], "MMSI": 304332000, "DateTime": ["2009/12/19 06:14:00"]}