{"Geometry": [[-71.62573, 22.941351999999995]], "MMSI": 304332000, "DateTime": ["2009/07/26 10:12:00"]}