{"Geometry": [[-70.832433, -27.055433]], "MMSI": 235661000, "DateTime": ["2009/12/29 13:54:59"]}