{"Geometry": [[-68.175333, 39.999832999999995]], "MMSI": 351419000, "DateTime": ["2009/10/31 11:42:00"]}