{"Geometry": [[-68.274985, 25.485718000000006]], "MMSI": 372390000, "DateTime": ["2009/04/25 14:51:00"]}