{"Geometry": [[-69.886008, 25.771865000000005]], "MMSI": 319075000, "DateTime": ["2009/12/13 14:13:59"]}