{"Geometry": [[-67.73544, 24.275499999999994]], "MMSI": 636012309, "DateTime": ["2009/01/27 12:55:00"]}