{"Geometry": [[-71.751367, 37.088967]], "MMSI": 240056000, "DateTime": ["2009/05/25 04:02:59"]}