{"Geometry": [[-71.997125, 40.385907]], "MMSI": 354826000, "DateTime": ["2009/12/31 23:58:59"]}