{"Geometry": [[-68.257337, 39.605238000000014]], "MMSI": 636013832, "DateTime": ["2009/03/15 01:30:00"]}