{"Geometry": [[-66.004633, 15.897767000000002]], "MMSI": 310424000, "DateTime": ["2009/01/23 14:41:00"]}