{"Geometry": [[-69.497363, 26.763237000000004]], "MMSI": 636014300, "DateTime": ["2009/11/05 05:06:00"]}