{"Geometry": [[-66.726233, 32.792457]], "MMSI": 308987000, "DateTime": ["2009/11/19 08:26:00"]}