{"Geometry": [[-71.383085, 39.52421699999999]], "MMSI": 636090638, "DateTime": ["2009/02/03 12:26:00"]}