{"Geometry": [[-71.985792, 38.96375699999999]], "MMSI": 636090638, "DateTime": ["2009/02/08 11:31:00"]}