{"Geometry": [[-66.971833, 19.018500000000003]], "MMSI": 220207000, "DateTime": ["2009/08/26 00:43:59"]}