{"Geometry": [[-71.784703, 37.365318]], "MMSI": 309951000, "DateTime": ["2009/01/05 08:42:00"]}