{"Geometry": [[-66.9851, 17.572177999999994], [-67.008952, 17.588106999999994], [-67.01207, 17.590165], [-67.021452, 17.596419999999995], [-67.025583, 17.599182999999996], [-67.031447, 17.603080000000006], [-67.033877, 17.604697], [-67.043615, 17.611159999999998], [-67.050193, 17.615547000000007], [-67.060302, 17.622214999999997], [-67.119167, 17.661153], [-67.121568, 17.662750000000003], [-67.12641, 17.665913000000003], [-67.13959, 17.674397], [-67.157053, 17.685367999999997], [-67.16833, 17.692288000000005], [-67.177918, 17.698116999999996], [-67.184253, 17.701972999999995], [-67.188265, 17.704363], [-67.195352, 17.708662000000004], [-67.201055, 17.71212], [-67.206515, 17.715446999999998], [-67.224338, 17.726560000000006], [-67.229682, 17.729917999999998], [-67.241107, 17.737116999999998], [-67.246117, 17.740274999999997], [-67.249357, 17.742287000000005], [-67.255043, 17.745895000000004], [-67.263408, 17.751130000000003], [-67.266985, 17.753417999999996], [-67.273087, 17.757324999999994], [-67.277418, 17.760144999999994], [-67.281717, 17.762952], [-67.28529, 17.765266999999994], [-67.287695, 17.766876999999994], [-67.298473, 17.773865], [-67.306373, 17.778976999999998], [-67.310275, 17.781454999999994], [-67.315895, 17.785039999999995], [-67.32426, 17.790387999999993], [-67.331265, 17.795312999999993], [-67.335123, 17.798472000000004], [-67.37463, 17.836772999999994], [-67.378205, 17.840573000000006], [-67.381003, 17.843509999999995], [-67.383235, 17.845887000000005], [-67.403008, 17.866872], [-67.407377, 17.871515000000002], [-67.41459, 17.879175000000004], [-67.423502, 17.888613000000007], [-67.424568, 17.889747], [-67.428427, 17.893883000000002], [-67.432312, 17.898021999999997], [-67.436752, 17.902742000000003], [-67.440958, 17.907223000000002], [-67.446737, 17.913359999999997], [-67.449538, 17.916314999999997], [-67.45427, 17.921322000000004], [-67.460087, 17.927543], [-67.462867, 17.930521999999996], [-67.467, 17.934993000000006], [-67.479407, 17.948520000000002], [-67.482103, 17.951532], [-67.484587, 17.954220000000007], [-67.488638, 17.958703], [-67.490098, 17.960369999999998], [-67.494662, 17.965407999999996], [-67.498733, 17.969921999999997], [-67.504272, 17.975250000000003], [-67.508593, 17.97941], [-67.522522, 17.992737000000005], [-67.526037, 17.996063000000007], [-67.529807, 18.000675], [-67.567657, 18.069131999999996], [-67.604452, 18.138090000000005], [-67.629338, 18.183750000000003], [-67.636377, 18.196591999999995]], "MMSI": 304442000, "DateTime": ["2009/01/22 00:01:00", "2009/01/22 00:08:00", "2009/01/22 00:08:59", "2009/01/22 00:11:59", "2009/01/22 00:13:00", "2009/01/22 00:14:00", "2009/01/22 00:16:00", "2009/01/22 00:17:59", "2009/01/22 00:20:00", "2009/01/22 00:21:59", "2009/01/22 00:40:00", "2009/01/22 00:40:59", "2009/01/22 00:42:00", "2009/01/22 00:46:00", "2009/01/22 00:49:59", "2009/01/22 00:53:59", "2009/01/22 00:56:00", "2009/01/22 00:58:00", "2009/01/22 00:59:00", "2009/01/22 01:02:00", "2009/01/22 01:02:59", "2009/01/22 01:05:00", "2009/01/22 01:09:59", "2009/01/22 01:11:00", "2009/01/22 01:14:00", "2009/01/22 01:15:00", "2009/01/22 01:15:59", "2009/01/22 01:18:59", "2009/01/22 01:21:00", "2009/01/22 01:21:59", "2009/01/22 01:22:59", "2009/01/22 01:24:00", "2009/01/22 01:25:00", "2009/01/22 01:25:59", "2009/01/22 01:28:00", "2009/01/22 01:31:00", "2009/01/22 01:31:59", "2009/01/22 01:33:00", "2009/01/22 01:34:59", "2009/01/22 01:38:00", "2009/01/22 01:40:00", "2009/01/22 01:41:00", "2009/01/22 01:54:59", "2009/01/22 01:56:00", "2009/01/22 01:57:00", "2009/01/22 01:57:59", "2009/01/22 02:05:00", "2009/01/22 02:06:00", "2009/01/22 02:07:59", "2009/01/22 02:12:00", "2009/01/22 02:13:00", "2009/01/22 02:13:59", "2009/01/22 02:16:00", "2009/01/22 02:16:59", "2009/01/22 02:18:00", "2009/01/22 02:21:00", "2009/01/22 02:22:00", "2009/01/22 02:23:00", "2009/01/22 02:25:00", "2009/01/22 02:26:00", "2009/01/22 02:28:00", "2009/01/22 02:32:00", "2009/01/22 02:32:59", "2009/01/22 02:34:00", "2009/01/22 02:35:00", "2009/01/22 02:36:59", "2009/01/22 02:38:00", "2009/01/22 02:39:59", "2009/01/22 02:41:00", "2009/01/22 02:42:59", "2009/01/22 02:48:00", "2009/01/22 02:48:59", "2009/01/22 02:50:00", "2009/01/22 03:10:00", "2009/01/22 03:29:00", "2009/01/22 03:40:59", "2009/01/22 03:45:00"]}