{"Geometry": [[-66.332417, 19.130300000000005]], "MMSI": 375939000, "DateTime": ["2009/08/03 06:46:59"]}