{"Geometry": [[-67.242683, 19.718162000000007], [-67.223517, 19.707116999999997], [-67.202805, 19.691117000000006], [-67.21126, 19.672674999999998], [-67.214513, 19.670375000000007], [-67.215218, 19.669942000000006], [-67.216285, 19.668918000000005], [-67.215887, 19.668108000000004], [-67.188185, 19.654882], [-67.184638, 19.653192000000004], [-67.177392, 19.649883000000003], [-67.173712, 19.648201999999998], [-67.17002, 19.646477000000004], [-67.166307, 19.644796999999997], [-67.16012, 19.641903], [-67.105465, 19.616602], [-67.101405, 19.614774999999995], [-67.06252, 19.597617], [-67.059023, 19.595725], [-67.054488, 19.593199999999996], [-67.05089, 19.591265000000007], [-67.047372, 19.589253], [-67.043917, 19.587113000000002], [-67.040485, 19.584997], [-67.037028, 19.582944999999995], [-67.033247, 19.580737999999997], [-67.027638, 19.577545], [-67.024195, 19.575370000000007], [-67.020888, 19.573021999999995], [-67.017688, 19.570532], [-67.014482, 19.568087000000006], [-67.011283, 19.565628000000004], [-67.007093, 19.562442000000004], [-67.00315, 19.55946], [-66.99951, 19.556839999999994], [-66.994888, 19.553681999999995], [-66.991057, 19.551277999999996], [-66.987293, 19.548967000000005], [-66.9824, 19.545981999999995], [-66.966403, 19.536112000000003], [-66.960802, 19.532674999999998], [-66.945328, 19.523562], [-66.941778, 19.521401999999995], [-66.92188, 19.508728000000005], [-66.909203, 19.500467999999998], [-66.904078, 19.497072000000003], [-66.898212, 19.493243000000007], [-66.894182, 19.490655000000004], [-66.886947, 19.485856999999996], [-66.881867, 19.482406999999995], [-66.865267, 19.471253000000004], [-66.859837, 19.467628000000005], [-66.85601, 19.46508], [-66.852258, 19.462626999999998], [-66.848822, 19.460367000000005], [-66.844307, 19.457381999999996], [-66.840823, 19.455157999999997], [-66.803178, 19.431943000000004], [-66.607255, 19.30574], [-66.58889, 19.293622], [-66.585075, 19.291017999999994], [-66.580303, 19.287679999999995], [-66.576837, 19.285285000000002], [-66.57226, 19.282122], [-66.566402, 19.278135000000006], [-66.561525, 19.274782000000002], [-66.546683, 19.265085], [-66.541668, 19.261861999999994], [-66.532298, 19.255880000000005], [-66.519137, 19.247135], [-66.512465, 19.242701999999994], [-66.300488, 19.104138000000006], [-66.296855, 19.101877], [-66.292938, 19.099413], [-66.280243, 19.09147], [-66.274832, 19.088049999999996], [-66.271182, 19.085832999999994]], "MMSI": 375902000, "DateTime": ["2009/12/26 13:02:59", "2009/12/26 13:09:00", "2009/12/26 13:15:59", "2009/12/26 14:06:59", "2009/12/26 14:16:59", "2009/12/26 14:19:00", "2009/12/26 14:22:00", "2009/12/26 14:23:00", "2009/12/26 14:32:59", "2009/12/26 14:34:00", "2009/12/26 14:35:59", "2009/12/26 14:36:59", "2009/12/26 14:38:00", "2009/12/26 14:39:00", "2009/12/26 14:41:00", "2009/12/26 14:55:00", "2009/12/26 14:57:00", "2009/12/26 15:07:00", "2009/12/26 15:08:00", "2009/12/26 15:08:59", "2009/12/26 15:10:00", "2009/12/26 15:11:00", "2009/12/26 15:11:59", "2009/12/26 15:13:00", "2009/12/26 15:14:00", "2009/12/26 15:16:00", "2009/12/26 15:17:00", "2009/12/26 15:17:59", "2009/12/26 15:19:00", "2009/12/26 15:20:00", "2009/12/26 15:20:59", "2009/12/26 15:21:59", "2009/12/26 15:23:00", "2009/12/26 15:24:59", "2009/12/26 15:26:00", "2009/12/26 15:27:00", "2009/12/26 15:27:59", "2009/12/26 15:29:00", "2009/12/26 15:30:59", "2009/12/26 15:35:00", "2009/12/26 15:36:59", "2009/12/26 15:40:59", "2009/12/26 15:42:00", "2009/12/26 15:48:00", "2009/12/26 15:52:00", "2009/12/26 15:53:00", "2009/12/26 15:55:00", "2009/12/26 15:56:00", "2009/12/26 15:58:00", "2009/12/26 15:59:59", "2009/12/26 16:05:00", "2009/12/26 16:06:59", "2009/12/26 16:08:00", "2009/12/26 16:09:00", "2009/12/26 16:09:59", "2009/12/26 16:11:00", "2009/12/26 16:12:00", "2009/12/26 16:22:59", "2009/12/26 17:19:59", "2009/12/26 17:25:00", "2009/12/26 17:26:00", "2009/12/26 17:26:59", "2009/12/26 17:28:00", "2009/12/26 17:29:59", "2009/12/26 17:31:00", "2009/12/26 17:32:59", "2009/12/26 17:36:59", "2009/12/26 17:38:00", "2009/12/26 17:41:00", "2009/12/26 17:45:00", "2009/12/26 17:47:00", "2009/12/26 18:46:59", "2009/12/26 18:48:00", "2009/12/26 18:49:00", "2009/12/26 18:53:00", "2009/12/26 18:53:59", "2009/12/26 18:55:00"]}