{"Geometry": [[-66.339873, 19.134287]], "MMSI": 375902000, "DateTime": ["2009/05/22 23:25:00"]}