{"Geometry": [[-66.326402, 19.122718000000006]], "MMSI": 375902000, "DateTime": ["2009/11/20 12:16:00"]}