{"Geometry": [[-66.12066, 18.987561999999997]], "MMSI": 375902000, "DateTime": ["2009/10/31 17:21:00"]}