{"Geometry": [[-69.780473, 38.044787000000014]], "MMSI": 538002559, "DateTime": ["2009/12/15 01:05:00"]}