{"Geometry": [[-69.336388, 30.952652]], "MMSI": 246500000, "DateTime": ["2009/08/28 11:18:00"]}