{"Geometry": [[-71.92964, 32.359905]], "MMSI": 246500000, "DateTime": ["2009/08/11 01:43:00"]}