{"Geometry": [[-70.736373, 31.607951999999997]], "MMSI": 246500000, "DateTime": ["2009/10/29 16:41:59"]}