{"Geometry": [[-70.298483, 37.078025]], "MMSI": 636091353, "DateTime": ["2009/08/30 15:43:00"]}