{"Geometry": [[-70.997223, 38.75100800000001]], "MMSI": 636091353, "DateTime": ["2009/01/17 22:22:59"]}