{"Geometry": [[-70.221912, 37.431622000000004], [-70.224337, 37.428830000000005], [-70.239245, 37.412283], [-70.671083, 37.010225000000005], [-70.67781, 37.00407], [-70.700145, 36.983864999999994], [-70.731945, 36.954797], [-70.750942, 36.936558000000005], [-70.754828, 36.93282000000001], [-70.759275, 36.928458000000006], [-70.762748, 36.925087000000005], [-70.765677, 36.92215], [-70.768623, 36.919245000000004], [-70.771573, 36.91636200000001], [-70.774525, 36.913458000000006], [-70.777805, 36.91063], [-70.780898, 36.908027000000004], [-70.78411, 36.905367999999996], [-70.788325, 36.90175000000001], [-70.794287, 36.896792000000005], [-70.797602, 36.89406700000001], [-70.800803, 36.891433000000006], [-70.804677, 36.88825799999999], [-70.808575, 36.88514000000001], [-70.811912, 36.882452], [-70.815248, 36.879760000000005], [-70.830658, 36.867287000000005], [-70.835615, 36.863254999999995], [-70.838885, 36.860572000000005], [-70.843342, 36.857051999999996], [-70.846585, 36.854417999999995], [-70.84987, 36.851658], [-70.853178, 36.848997999999995], [-70.856467, 36.846327], [-70.860403, 36.843182], [-70.864187, 36.840123000000006], [-70.867425, 36.837502], [-70.871272, 36.834402999999995], [-70.878367, 36.828621999999996], [-70.88173, 36.825982999999994], [-70.885, 36.82333800000001], [-70.888815, 36.820262], [-70.892645, 36.81715199999999], [-70.895892, 36.81452], [-70.899108, 36.811823000000004], [-70.902367, 36.809177000000005], [-70.906178, 36.806062], [-70.9111, 36.80207299999999], [-70.914287, 36.799442], [-70.918597, 36.795978000000005], [-70.971217, 36.752785], [-70.976583, 36.748515], [-70.984695, 36.742014999999995], [-70.997308, 36.73132], [-71.000952, 36.728227000000004], [-71.00417, 36.725533], [-71.007312, 36.72286], [-71.01042, 36.720253], [-71.013488, 36.71764], [-71.016592, 36.71494], [-71.02135, 36.710987], [-71.024488, 36.708355], [-71.029165, 36.704392999999996], [-71.032215, 36.701808], [-71.037658, 36.69726300000001], [-71.040843, 36.694607000000005], [-71.047137, 36.689313], [-71.054538, 36.683229999999995], [-71.066783, 36.673117000000005], [-71.069408, 36.670227999999994], [-71.072357, 36.66740299999999], [-71.113608, 36.634812999999994], [-71.121762, 36.628502999999995], [-71.131002, 36.621272000000005], [-71.143073, 36.611818], [-71.155073, 36.602418], [-71.158343, 36.599822], [-71.161605, 36.597238000000004], [-71.169878, 36.59076], [-71.27396, 36.50676300000001], [-71.27752, 36.503457999999995]], "MMSI": 248594000, "DateTime": ["2009/10/26 14:29:00", "2009/10/26 14:29:59", "2009/10/26 14:35:59", "2009/10/26 17:06:00", "2009/10/26 17:07:59", "2009/10/26 17:15:00", "2009/10/26 17:25:00", "2009/10/26 17:32:00", "2009/10/26 17:32:59", "2009/10/26 17:34:00", "2009/10/26 17:35:59", "2009/10/26 17:36:59", "2009/10/26 17:38:00", "2009/10/26 17:39:00", "2009/10/26 17:39:59", "2009/10/26 17:41:00", "2009/10/26 17:42:00", "2009/10/26 17:42:59", "2009/10/26 17:44:00", "2009/10/26 17:45:59", "2009/10/26 17:47:00", "2009/10/26 17:48:00", "2009/10/26 17:48:59", "2009/10/26 17:50:00", "2009/10/26 17:51:00", "2009/10/26 17:51:59", "2009/10/26 17:57:00", "2009/10/26 17:58:00", "2009/10/26 17:58:59", "2009/10/26 18:01:00", "2009/10/26 18:01:59", "2009/10/26 18:03:00", "2009/10/26 18:04:00", "2009/10/26 18:04:59", "2009/10/26 18:06:00", "2009/10/26 18:07:00", "2009/10/26 18:08:00", "2009/10/26 18:08:59", "2009/10/26 18:11:00", "2009/10/26 18:11:59", "2009/10/26 18:13:00", "2009/10/26 18:14:00", "2009/10/26 18:16:00", "2009/10/26 18:17:00", "2009/10/26 18:17:59", "2009/10/26 18:19:00", "2009/10/26 18:20:00", "2009/10/26 18:20:59", "2009/10/26 18:21:59", "2009/10/26 18:24:00", "2009/10/26 18:40:00", "2009/10/26 18:42:00", "2009/10/26 18:43:59", "2009/10/26 18:48:00", "2009/10/26 18:49:00", "2009/10/26 18:49:59", "2009/10/26 18:51:00", "2009/10/26 18:52:00", "2009/10/26 18:53:00", "2009/10/26 18:53:59", "2009/10/26 18:56:00", "2009/10/26 18:56:59", "2009/10/26 18:58:00", "2009/10/26 18:59:00", "2009/10/26 19:01:00", "2009/10/26 19:02:00", "2009/10/26 19:04:00", "2009/10/26 19:05:59", "2009/10/26 19:09:59", "2009/10/26 19:11:00", "2009/10/26 19:12:00", "2009/10/26 19:25:00", "2009/10/26 19:27:00", "2009/10/26 19:30:00", "2009/10/26 19:34:00", "2009/10/26 19:38:00", "2009/10/26 19:38:59", "2009/10/26 19:40:00", "2009/10/26 19:41:59", "2009/10/26 20:13:59", "2009/10/26 20:15:00"]}