{"Geometry": [[-69.23951, 27.819249999999997]], "MMSI": 366884140, "DateTime": ["2009/11/29 22:28:59"]}