{"Geometry": [[-71.03452, 37.817537]], "MMSI": 371868000, "DateTime": ["2009/03/18 21:56:00"]}