{"Geometry": [[-71.993022, 39.022075]], "MMSI": 309372000, "DateTime": ["2009/03/22 21:32:00"]}