{"Geometry": [[-71.688238, 39.017855]], "MMSI": 309372000, "DateTime": ["2009/05/10 21:27:00"]}