{"Geometry": [[-71.997337, 41.23339999999999], [-71.990783, 41.236343000000005], [-71.984405, 41.23923500000001], [-71.977662, 41.242323], [-71.971447, 41.24519799999999], [-71.965437, 41.24826200000001], [-71.959367, 41.25132500000001], [-71.952312, 41.254568000000006], [-71.946165, 41.2576], [-71.940275, 41.26039499999999], [-71.933413, 41.26301699999999], [-71.926872, 41.26537200000001], [-71.920255, 41.267641999999995], [-71.912883, 41.27040299999999], [-71.905912, 41.272233], [-71.898533, 41.27409700000001], [-71.891838, 41.275746999999996], [-71.885215, 41.277382999999986], [-71.877795, 41.27912499999999], [-71.871045, 41.28060300000001], [-71.864272, 41.282152999999994], [-71.857502, 41.28373300000001], [-71.849883, 41.285574999999994], [-71.843167, 41.28734700000001], [-71.83732, 41.29049699999999], [-71.830793, 41.29386500000001], [-71.825125, 41.297178], [-71.81977, 41.30100999999999], [-71.81567, 41.30537799999999], [-71.813102, 41.308054999999996], [-71.810798, 41.310857], [-71.809672, 41.311677], [-71.809532, 41.310835], [-71.809393, 41.310294999999996], [-71.809203, 41.309887], [-71.809037, 41.30962500000001], [-71.809033, 41.30936199999999], [-71.808988, 41.309146999999996], [-71.809025, 41.30905200000001], [-71.809105, 41.30899199999999], [-71.809197, 41.308989999999994], [-71.809305, 41.30887200000001], [-71.80936, 41.30873299999999], [-71.80942, 41.30865299999999], [-71.809508, 41.30864299999999], [-71.8096, 41.30865800000001], [-71.809683, 41.308696999999995], [-71.809765, 41.308752], [-71.809855, 41.308785], [-71.809947, 41.30882199999999], [-71.810008, 41.308875], [-71.810067, 41.308898], [-71.810107, 41.30890500000001], [-71.809127, 41.306895], [-71.814927, 41.30357699999999], [-71.823595, 41.30224200000001], [-71.831942, 41.300928], [-71.840035, 41.29968199999999], [-71.848682, 41.29817800000001], [-71.856732, 41.297461999999996], [-71.863555, 41.297583], [-71.872168, 41.29772199999999], [-71.879597, 41.29818499999999], [-71.886105, 41.298845], [-71.893933, 41.29944800000001], [-71.901732, 41.29997700000001], [-71.910278, 41.30069], [-71.918785, 41.301342000000005], [-71.927393, 41.300700000000006], [-71.935637, 41.298997000000014], [-71.944102, 41.296786999999995], [-71.951995, 41.29402200000001], [-71.96003, 41.291251999999986], [-71.968077, 41.288459999999986], [-71.972992, 41.28715299999999], [-71.98039, 41.28609499999999], [-71.989095, 41.28441799999999], [-71.997022, 41.281521999999995]], "MMSI": 366886030, "DateTime": ["2009/08/30 17:38:00", "2009/08/30 17:39:00", "2009/08/30 17:39:59", "2009/08/30 17:41:00", "2009/08/30 17:42:00", "2009/08/30 17:42:59", "2009/08/30 17:44:00", "2009/08/30 17:45:00", "2009/08/30 17:45:59", "2009/08/30 17:48:00", "2009/08/30 17:48:59", "2009/08/30 17:50:00", "2009/08/30 17:51:00", "2009/08/30 17:51:59", "2009/08/30 17:52:59", "2009/08/30 17:54:00", "2009/08/30 17:55:00", "2009/08/30 17:55:59", "2009/08/30 17:57:00", "2009/08/30 17:58:00", "2009/08/30 17:58:59", "2009/08/30 18:00:00", "2009/08/30 18:01:00", "2009/08/30 18:01:59", "2009/08/30 18:03:00", "2009/08/30 18:04:00", "2009/08/30 18:04:59", "2009/08/30 18:06:00", "2009/08/30 18:07:00", "2009/08/30 18:08:00", "2009/08/30 18:08:59", "2009/08/30 18:10:00", "2009/08/30 18:11:00", "2009/08/30 18:11:59", "2009/08/30 18:13:00", "2009/08/30 18:14:00", "2009/08/30 18:14:59", "2009/08/30 18:16:00", "2009/08/30 18:17:00", "2009/08/30 18:17:59", "2009/08/30 18:19:00", "2009/08/30 18:20:00", "2009/08/30 18:20:59", "2009/08/30 18:21:59", "2009/08/30 18:23:00", "2009/08/30 18:24:00", "2009/08/30 18:26:00", "2009/08/30 18:27:00", "2009/08/30 18:27:59", "2009/08/30 18:29:00", "2009/08/30 18:30:00", "2009/08/30 18:30:59", "2009/08/30 18:33:00", "2009/08/30 18:33:59", "2009/08/30 18:35:00", "2009/08/30 18:36:00", "2009/08/30 18:36:59", "2009/08/30 18:37:59", "2009/08/30 18:39:00", "2009/08/30 18:40:00", "2009/08/30 18:40:59", "2009/08/30 18:42:00", "2009/08/30 18:43:00", "2009/08/30 18:43:59", "2009/08/30 18:45:00", "2009/08/30 18:46:00", "2009/08/30 18:46:59", "2009/08/30 18:48:00", "2009/08/30 18:49:00", "2009/08/30 18:49:59", "2009/08/30 18:51:00", "2009/08/30 18:52:00", "2009/08/30 18:53:00", "2009/08/30 18:53:59", "2009/08/30 18:55:00", "2009/08/30 18:56:00", "2009/08/30 18:56:59", "2009/08/30 18:58:00"]}