{"Geometry": [[-70.683685, 38.038279999999986]], "MMSI": 538003740, "DateTime": ["2009/12/09 04:24:00"]}