{"Geometry": [[-71.11845, 38.915333000000004]], "MMSI": 235009410, "DateTime": ["2009/05/04 08:19:00"]}