{"Geometry": [[-69.963323, 39.268384999999995]], "MMSI": 636013100, "DateTime": ["2009/03/23 02:00:00"]}