{"Geometry": [[-71.376312, 37.641305]], "MMSI": 538002639, "DateTime": ["2009/11/19 22:12:59"]}