{"Geometry": [[-66.03275, 17.255233000000004]], "MMSI": 371964000, "DateTime": ["2009/07/21 12:27:00"]}