{"Geometry": [[-66.332717, 19.190089999999998]], "MMSI": 370490000, "DateTime": ["2009/12/22 09:01:59"]}