{"Geometry": [[-68.228627, 29.027500000000003]], "MMSI": 636013304, "DateTime": ["2009/10/01 11:07:59"]}