{"Geometry": [[-68.769833, 39.661666999999994]], "MMSI": 257991000, "DateTime": ["2009/12/29 17:35:00"]}