{"Geometry": [[-71.988553, 39.712253000000004]], "MMSI": 636090886, "DateTime": ["2009/01/17 09:49:59"]}