{"Geometry": [[-68.193132, 24.409369999999996]], "MMSI": 377907000, "DateTime": ["2009/04/26 13:05:00"]}