{"Geometry": [[-66.258517, 27.372967000000003]], "MMSI": 235063163, "DateTime": ["2009/07/22 23:36:59"]}