{"Geometry": [[-66.991778, 25.271671999999995]], "MMSI": 311478000, "DateTime": ["2009/12/24 07:44:00"]}