{"Geometry": [[-69.730182, 27.77538]], "MMSI": 367351810, "DateTime": ["2009/12/06 17:47:00"]}