{"Geometry": [[-70.802833, 35.023332999999994]], "MMSI": 564580000, "DateTime": ["2009/10/21 08:45:00"]}