{"Geometry": [[-70.016233, 39.89070000000001]], "MMSI": 215571000, "DateTime": ["2009/03/14 00:11:00"]}