{"Geometry": [[-71.99545, 36.313767]], "MMSI": 538090337, "DateTime": ["2009/10/26 19:14:00"]}