{"Geometry": [[-69.457483, 33.505033]], "MMSI": 305152000, "DateTime": ["2009/08/09 06:27:00"]}