{"Geometry": [[-68.588607, 24.601150000000004]], "MMSI": 371900000, "DateTime": ["2009/05/10 01:50:00"]}