{"Geometry": [[-69.956512, 38.909513000000004]], "MMSI": 636012465, "DateTime": ["2009/12/29 02:42:00"]}