{"Geometry": [[-66.229367, 19.324592999999993], [-66.25217, 19.311386999999996], [-66.264887, 19.304102999999998], [-66.278408, 19.296362000000002], [-66.283673, 19.293350000000004], [-66.294162, 19.287298000000007], [-66.299847, 19.284036999999998], [-66.304228, 19.281537999999998], [-66.310365, 19.278017000000006], [-66.315203, 19.275272], [-66.328455, 19.267775], [-66.336465, 19.263239999999996], [-66.353595, 19.253552], [-66.363808, 19.247782], [-66.368658, 19.24503], [-66.373508, 19.242248000000004], [-66.377935, 19.239725000000007], [-66.386368, 19.234958000000006], [-66.391603, 19.231997000000007], [-66.397505, 19.228655000000003], [-66.402752, 19.225705000000005], [-66.407195, 19.223276999999996], [-66.411628, 19.220827], [-66.416878, 19.217878], [-66.421662, 19.215207000000007], [-66.426563, 19.212490000000003], [-66.430988, 19.210032999999996], [-66.43539, 19.207594999999998], [-66.441057, 19.204477999999995], [-66.445463, 19.202045], [-66.453042, 19.197862], [-66.457477, 19.195421999999994], [-66.465705, 19.190856999999994], [-66.477977, 19.184155000000004], [-66.483245, 19.181259999999995], [-66.492018, 19.176415000000006], [-66.502608, 19.170540000000003], [-66.50859, 19.167242], [-66.528298, 19.156293000000005], [-66.532658, 19.153837999999993], [-66.537447, 19.151148000000006], [-66.544405, 19.147243000000003], [-66.550043, 19.144052000000002], [-66.554813, 19.141360000000006], [-66.570733, 19.132338000000004], [-66.58536, 19.124094999999997], [-66.620382, 19.104307000000006], [-66.868482, 18.959693], [-66.876493, 18.954864999999998], [-66.901165, 18.940281999999996], [-66.906695, 18.936965], [-66.914388, 18.932401999999996], [-66.91913, 18.929687], [-66.92395, 18.926947999999996], [-66.92828, 18.924513000000005], [-66.935498, 18.920370000000005], [-66.939787, 18.917914999999994], [-66.94407, 18.915453], [-66.95008, 18.912013], [-66.95696, 18.908050000000003], [-66.961705, 18.905325000000005], [-66.966387, 18.902682999999996], [-66.97165, 18.899699999999996], [-67.005313, 18.880762000000004], [-67.073787, 18.842682999999994], [-67.078198, 18.840140000000005], [-67.086222, 18.835516999999996], [-67.278415, 18.727227], [-67.283767, 18.724378], [-67.288167, 18.722042000000002], [-67.29462, 18.718474999999998], [-67.324795, 18.701656999999997], [-67.401503, 18.657984999999996], [-67.410458, 18.652924999999996], [-67.414757, 18.650487], [-67.41907, 18.648072], [-67.423372, 18.645638000000005]], "MMSI": 308726000, "DateTime": ["2009/07/12 11:19:00", "2009/07/12 11:25:00", "2009/07/12 11:26:59", "2009/07/12 11:31:00", "2009/07/12 11:32:00", "2009/07/12 11:34:00", "2009/07/12 11:35:59", "2009/07/12 11:36:59", "2009/07/12 11:38:00", "2009/07/12 11:39:00", "2009/07/12 11:42:00", "2009/07/12 11:44:00", "2009/07/12 11:48:00", "2009/07/12 11:50:00", "2009/07/12 11:51:00", "2009/07/12 11:51:59", "2009/07/12 11:52:59", "2009/07/12 11:55:00", "2009/07/12 11:55:59", "2009/07/12 11:58:00", "2009/07/12 11:58:59", "2009/07/12 12:00:00", "2009/07/12 12:01:00", "2009/07/12 12:01:59", "2009/07/12 12:03:00", "2009/07/12 12:04:00", "2009/07/12 12:04:59", "2009/07/12 12:06:00", "2009/07/12 12:07:00", "2009/07/12 12:08:00", "2009/07/12 12:10:00", "2009/07/12 12:11:00", "2009/07/12 12:13:00", "2009/07/12 12:16:00", "2009/07/12 12:17:00", "2009/07/12 12:19:00", "2009/07/12 12:20:59", "2009/07/12 12:23:00", "2009/07/12 12:27:00", "2009/07/12 12:27:59", "2009/07/12 12:30:00", "2009/07/12 12:30:59", "2009/07/12 12:32:00", "2009/07/12 12:33:59", "2009/07/12 12:36:59", "2009/07/12 12:40:59", "2009/07/12 12:49:00", "2009/07/12 13:47:00", "2009/07/12 13:49:00", "2009/07/12 13:54:59", "2009/07/12 13:56:00", "2009/07/12 13:57:59", "2009/07/12 13:59:00", "2009/07/12 14:00:00", "2009/07/12 14:00:59", "2009/07/12 14:03:00", "2009/07/12 14:03:59", "2009/07/12 14:05:00", "2009/07/12 14:06:00", "2009/07/12 14:07:59", "2009/07/12 14:09:00", "2009/07/12 14:10:00", "2009/07/12 14:10:59", "2009/07/12 14:19:00", "2009/07/12 14:35:00", "2009/07/12 14:35:59", "2009/07/12 14:38:00", "2009/07/12 15:20:59", "2009/07/12 15:23:00", "2009/07/12 15:24:00", "2009/07/12 15:24:59", "2009/07/12 15:32:00", "2009/07/12 15:49:59", "2009/07/12 15:52:00", "2009/07/12 15:53:00", "2009/07/12 15:53:59", "2009/07/12 15:55:00"]}