{"Geometry": [[-69.880698, -85.76431]], "MMSI": 369970145, "DateTime": ["2009/07/25 15:27:59"]}