{"Geometry": [[-71.894412, 37.717147]], "MMSI": 266283000, "DateTime": ["2009/07/22 17:23:00"]}