{"Geometry": [[-68.205052, 18.517151999999996]], "MMSI": 232566000, "DateTime": ["2009/03/31 09:11:00"]}