{"Geometry": [[-71.443342, 37.07570200000001]], "MMSI": 538002939, "DateTime": ["2009/07/11 05:16:59"]}