{"Geometry": [[-68.873833, 29.445149999999998]], "MMSI": 246397000, "DateTime": ["2009/02/06 07:09:00"]}