{"Geometry": [[-66.28057, 18.559787], [-66.283443, 18.560833000000002], [-66.287205, 18.562205000000006], [-66.289963, 18.563164999999998], [-66.29297, 18.564272000000003], [-66.295558, 18.565195000000003], [-66.298533, 18.566284999999993], [-66.301145, 18.567193000000003], [-66.303765, 18.568106999999998], [-66.30666, 18.569177999999994], [-66.309408, 18.570127], [-66.312515, 18.571207], [-66.315493, 18.572345], [-66.318123, 18.573241999999993], [-66.320905, 18.574253], [-66.323513, 18.575207000000006], [-66.326438, 18.576232000000005], [-66.329437, 18.577363000000005], [-66.33208, 18.578308000000007], [-66.33514, 18.579463000000004], [-66.337777, 18.580433], [-66.340885, 18.581590000000006], [-66.343912, 18.582731999999993], [-66.346845, 18.583872999999997], [-66.350075, 18.585094999999995], [-66.353295, 18.586309999999997], [-66.358008, 18.588122], [-66.361358, 18.589411999999996], [-66.364318, 18.590526999999994], [-66.36901, 18.592297000000002], [-66.372435, 18.593590000000006], [-66.376012, 18.594956999999994], [-66.378835, 18.596017000000003], [-66.382098, 18.597279999999998], [-66.38514, 18.598406999999995], [-66.388337, 18.59961], [-66.392988, 18.601316999999995], [-66.39593, 18.602369999999993], [-66.39959, 18.603718], [-66.403715, 18.605193], [-66.407072, 18.606407000000004], [-66.410638, 18.607668000000004], [-66.416035, 18.6096], [-66.428813, 18.614045000000004], [-66.434995, 18.616225], [-66.438825, 18.617572999999993], [-66.441708, 18.618601999999996], [-66.445132, 18.619761999999994], [-66.448033, 18.620777000000004], [-66.454422, 18.623050000000006], [-66.461647, 18.62563], [-66.465778, 18.627035000000006], [-66.470632, 18.628739999999993], [-66.477465, 18.631133000000005], [-66.486062, 18.634150000000005], [-66.490952, 18.635864999999995], [-66.493793, 18.636823000000007], [-66.498717, 18.638537], [-66.502055, 18.639657], [-66.504843, 18.64062], [-66.508357, 18.641897999999998], [-66.513283, 18.643777], [-66.516275, 18.644660000000002], [-66.519333, 18.645650000000003], [-66.524952, 18.647473000000005], [-66.531015, 18.649507], [-66.533782, 18.650433000000007], [-66.540793, 18.652782000000002], [-66.5472, 18.654830000000004], [-66.559022, 18.658590000000004], [-66.562138, 18.659598000000003], [-66.572193, 18.662802999999997], [-66.575518, 18.663832], [-66.88255, 18.760531999999998], [-66.886145, 18.761696999999998], [-66.912403, 18.770165000000006], [-66.916372, 18.771428]], "MMSI": 366766940, "DateTime": ["2009/02/18 00:00:00", "2009/02/18 00:01:59", "2009/02/18 00:03:00", "2009/02/18 00:04:00", "2009/02/18 00:04:59", "2009/02/18 00:06:00", "2009/02/18 00:07:00", "2009/02/18 00:08:00", "2009/02/18 00:08:59", "2009/02/18 00:10:00", "2009/02/18 00:11:00", "2009/02/18 00:13:00", "2009/02/18 00:14:00", "2009/02/18 00:14:59", "2009/02/18 00:16:00", "2009/02/18 00:17:00", "2009/02/18 00:17:59", "2009/02/18 00:19:00", "2009/02/18 00:20:00", "2009/02/18 00:20:59", "2009/02/18 00:21:59", "2009/02/18 00:24:00", "2009/02/18 00:24:59", "2009/02/18 00:26:00", "2009/02/18 00:27:00", "2009/02/18 00:27:59", "2009/02/18 00:30:00", "2009/02/18 00:30:59", "2009/02/18 00:32:00", "2009/02/18 00:33:59", "2009/02/18 00:35:00", "2009/02/18 00:36:59", "2009/02/18 00:37:59", "2009/02/18 00:39:00", "2009/02/18 00:40:00", "2009/02/18 00:40:59", "2009/02/18 00:43:00", "2009/02/18 00:43:59", "2009/02/18 00:45:00", "2009/02/18 00:46:59", "2009/02/18 00:48:00", "2009/02/18 00:49:00", "2009/02/18 00:51:00", "2009/02/18 00:56:00", "2009/02/18 00:58:00", "2009/02/18 00:59:59", "2009/02/18 01:01:00", "2009/02/18 01:02:00", "2009/02/18 01:02:59", "2009/02/18 01:05:00", "2009/02/18 01:08:00", "2009/02/18 01:09:00", "2009/02/18 01:11:00", "2009/02/18 01:12:59", "2009/02/18 01:17:00", "2009/02/18 01:18:00", "2009/02/18 01:18:59", "2009/02/18 01:21:00", "2009/02/18 01:21:59", "2009/02/18 01:22:59", "2009/02/18 01:25:00", "2009/02/18 01:25:59", "2009/02/18 01:28:00", "2009/02/18 01:28:59", "2009/02/18 01:31:00", "2009/02/18 01:33:00", "2009/02/18 01:34:00", "2009/02/18 01:36:00", "2009/02/18 01:38:59", "2009/02/18 01:43:00", "2009/02/18 01:44:00", "2009/02/18 01:47:59", "2009/02/18 01:49:00", "2009/02/18 03:42:00", "2009/02/18 03:43:59", "2009/02/18 03:53:59", "2009/02/18 03:55:00"]}