{"Geometry": [[-69.025045, 40.77324300000001]], "MMSI": 205421000, "DateTime": ["2009/05/25 04:21:59"]}