{"Geometry": [[-71.370323, 39.627646999999996]], "MMSI": 246521000, "DateTime": ["2009/02/18 19:09:59"]}