{"Geometry": [[-66.566833, 16.677667]], "MMSI": 477330000, "DateTime": ["2009/10/02 14:35:59"]}