{"Geometry": [[-70.604497, -22.681903000000005]], "MMSI": 210906000, "DateTime": ["2009/12/29 13:56:00"]}