{"Geometry": [[-66.199967, 16.475367000000006]], "MMSI": 255802590, "DateTime": ["2009/11/06 02:16:00"]}