{"Geometry": [[-68.208767, 18.006666999999993]], "MMSI": 372780000, "DateTime": ["2009/07/23 21:48:00"]}