{"Geometry": [[-71.99903, 40.311395000000005]], "MMSI": 367388520, "DateTime": ["2009/09/18 02:50:00"]}