{"Geometry": [[-69.010638, 30.719949999999997]], "MMSI": 308294000, "DateTime": ["2009/10/21 06:33:59"]}