{"Geometry": [[-67.863167, 27.578500000000005]], "MMSI": 310419000, "DateTime": ["2009/04/06 02:45:59"]}