{"Geometry": [[-69.357367, 35.953767]], "MMSI": 636090479, "DateTime": ["2009/01/24 10:40:00"]}