{"Geometry": [[-71.912033, 37.530433]], "MMSI": 636090479, "DateTime": ["2009/10/17 22:33:00"]}