{"Geometry": [[-67.889983, 49.26571200000001]], "MMSI": 477207100, "DateTime": ["2009/12/29 17:35:59"]}