{"Geometry": [[-71.46225, 37.743832999999995]], "MMSI": 220465000, "DateTime": ["2009/05/01 08:23:59"]}