{"Geometry": [[-71.521203, 35.61685799999999]], "MMSI": 212955000, "DateTime": ["2009/12/14 09:11:00"]}