{"Geometry": [[-69.892853, 26.080633000000006]], "MMSI": 304980000, "DateTime": ["2009/04/28 14:51:00"]}