{"Geometry": [[-70.743368, 38.687858000000006]], "MMSI": 636090777, "DateTime": ["2009/07/10 02:19:00"]}