{"Geometry": [[-67.206583, 37.597432999999995]], "MMSI": 367168640, "DateTime": ["2009/08/12 07:50:00"]}