{"Geometry": [[-68.86976, 36.010153]], "MMSI": 636090642, "DateTime": ["2009/09/25 06:01:00"]}