{"Geometry": [[-69.863898, 43.27626799999999], [-69.865662, 43.27456000000001], [-69.867002, 43.273281999999995], [-69.868325, 43.271963], [-69.870077, 43.27023199999999], [-69.872303, 43.26808700000001], [-69.876265, 43.26417000000001], [-69.878078, 43.26244700000001], [-69.879882, 43.26075], [-69.88212, 43.258645], [-69.883508, 43.257373], [-69.885362, 43.25564800000001], [-69.886753, 43.254368], [-69.88814, 43.253097], [-69.889523, 43.251833000000005], [-69.89086, 43.25053199999999], [-69.892373, 43.249053], [-69.893933, 43.24755300000001], [-69.895307, 43.246264999999994], [-69.89691, 43.24480299999999], [-69.898563, 43.24330800000001], [-69.899937, 43.242042999999995], [-69.901305, 43.24081699999999], [-69.902702, 43.23956000000001], [-69.904097, 43.23830000000001], [-69.905475, 43.237044999999995], [-69.90689, 43.235782], [-69.908305, 43.23457300000001], [-69.909717, 43.233318], [-69.911095, 43.23206999999999], [-69.912455, 43.23079200000001], [-69.913878, 43.22951499999999], [-69.915305, 43.228252], [-69.91702, 43.226763000000005], [-69.918478, 43.22550000000001], [-69.919955, 43.22424699999999], [-69.92164, 43.22278700000001], [-69.92337, 43.221318], [-69.924862, 43.22004799999999], [-69.926345, 43.21878000000001], [-69.927817, 43.217501999999996], [-69.929542, 43.21597], [-69.93097, 43.21467200000001], [-69.932362, 43.213367000000005], [-69.933742, 43.21206799999999], [-69.935095, 43.21074999999999], [-69.936667, 43.20924199999999], [-69.93802, 43.20792800000001], [-69.939455, 43.20665500000001], [-69.940762, 43.20528999999999], [-69.942228, 43.20370700000001], [-69.943468, 43.202337], [-69.944738, 43.200973000000005], [-69.946062, 43.199647], [-69.94809, 43.197666999999996], [-69.949382, 43.196337], [-69.950677, 43.19499300000001], [-69.951983, 43.193636999999995], [-69.953535, 43.19211999999999], [-69.95485, 43.19082700000001], [-69.956138, 43.18954199999999], [-69.95763, 43.18801300000001], [-69.958903, 43.18669], [-69.960148, 43.18540200000001], [-69.96143, 43.18411499999999], [-69.962763, 43.182837000000006], [-69.964295, 43.18132700000001], [-69.965538, 43.17999800000001], [-69.967045, 43.17845700000001], [-69.968485, 43.176907], [-69.969777, 43.17558500000001], [-69.971048, 43.17427799999999], [-69.972385, 43.17294699999999], [-69.973695, 43.171617999999995], [-69.975, 43.170265], [-69.976492, 43.168634999999995], [-69.97796, 43.167067], [-69.979722, 43.165249999999986], [-69.98124, 43.163612], [-69.982773, 43.161947]], "MMSI": 367008430, "DateTime": ["2009/03/15 22:31:00", "2009/03/15 22:31:59", "2009/03/15 22:33:00", "2009/03/15 22:34:00", "2009/03/15 22:34:59", "2009/03/15 22:37:00", "2009/03/15 22:40:00", "2009/03/15 22:41:00", "2009/03/15 22:43:00", "2009/03/15 22:44:00", "2009/03/15 22:44:59", "2009/03/15 22:47:00", "2009/03/15 22:47:59", "2009/03/15 22:49:00", "2009/03/15 22:50:00", "2009/03/15 22:50:59", "2009/03/15 22:51:59", "2009/03/15 22:53:00", "2009/03/15 22:54:00", "2009/03/15 22:54:59", "2009/03/15 22:56:00", "2009/03/15 22:57:00", "2009/03/15 22:57:59", "2009/03/15 22:59:00", "2009/03/15 23:00:00", "2009/03/15 23:00:59", "2009/03/15 23:02:00", "2009/03/15 23:03:00", "2009/03/15 23:03:59", "2009/03/15 23:05:00", "2009/03/15 23:06:00", "2009/03/15 23:06:59", "2009/03/15 23:07:59", "2009/03/15 23:09:00", "2009/03/15 23:10:00", "2009/03/15 23:12:00", "2009/03/15 23:13:00", "2009/03/15 23:13:59", "2009/03/15 23:15:00", "2009/03/15 23:16:00", "2009/03/15 23:16:59", "2009/03/15 23:18:00", "2009/03/15 23:19:00", "2009/03/15 23:19:59", "2009/03/15 23:21:00", "2009/03/15 23:22:00", "2009/03/15 23:23:00", "2009/03/15 23:23:59", "2009/03/15 23:25:00", "2009/03/15 23:26:00", "2009/03/15 23:26:59", "2009/03/15 23:28:00", "2009/03/15 23:29:00", "2009/03/15 23:29:59", "2009/03/15 23:32:00", "2009/03/15 23:32:59", "2009/03/15 23:34:00", "2009/03/15 23:35:00", "2009/03/15 23:35:59", "2009/03/15 23:36:59", "2009/03/15 23:38:00", "2009/03/15 23:39:00", "2009/03/15 23:39:59", "2009/03/15 23:41:00", "2009/03/15 23:42:00", "2009/03/15 23:42:59", "2009/03/15 23:44:00", "2009/03/15 23:45:00", "2009/03/15 23:45:59", "2009/03/15 23:48:00", "2009/03/15 23:48:59", "2009/03/15 23:50:00", "2009/03/15 23:51:00", "2009/03/15 23:51:59", "2009/03/15 23:52:59", "2009/03/15 23:54:00", "2009/03/15 23:55:00", "2009/03/15 23:55:59", "2009/03/15 23:57:00", "2009/03/15 23:58:59"]}