{"Geometry": [[-67.782873, 24.194500000000005]], "MMSI": 256434000, "DateTime": ["2009/03/10 09:08:00"]}