{"Geometry": [[-70.040117, 24.921499999999995]], "MMSI": 239933000, "DateTime": ["2009/10/18 17:57:00"]}