{"Geometry": [[-68.236717, 17.938767]], "MMSI": 538090270, "DateTime": ["2009/01/16 07:37:00"]}