{"Geometry": [[-66.351822, 16.511733000000007]], "MMSI": 304199000, "DateTime": ["2009/11/17 20:09:00"]}