{"Geometry": [[-71.762293, 37.59576800000001]], "MMSI": 259808000, "DateTime": ["2009/02/26 21:37:59"]}