{"Geometry": [[-66.768463, 18.565461999999997], [-66.808437, 18.567887], [-66.817647, 18.568472], [-66.820338, 18.568642999999994], [-66.837837, 18.569615], [-66.840208, 18.569739999999996], [-67.144927, 18.594449999999995], [-67.151598, 18.591584999999995], [-67.155947, 18.589726999999996], [-67.157987, 18.58892], [-67.161407, 18.587608000000003], [-67.163477, 18.586788], [-67.165567, 18.585980000000006], [-67.167628, 18.585187000000005], [-67.169723, 18.584377000000003], [-67.172597, 18.58327], [-67.17682, 18.581666999999996], [-67.1835, 18.57911], [-67.185605, 18.578237], [-67.187992, 18.577242999999996], [-67.196387, 18.573736999999994], [-67.198523, 18.572857], [-67.201007, 18.571821999999997], [-67.259435, 18.548571999999993], [-67.264172, 18.546672], [-67.266913, 18.545540000000003], [-67.269267, 18.54459], [-67.2717, 18.543628], [-67.278085, 18.541087000000005], [-67.281135, 18.539828], [-67.284617, 18.538354999999996], [-67.286647, 18.537492], [-67.289317, 18.536322999999996], [-67.292767, 18.534797999999995], [-67.298652, 18.532156999999998], [-67.315977, 18.524753000000004], [-67.327748, 18.519812], [-67.329832, 18.519002999999998], [-67.3443, 18.513571999999996], [-67.346947, 18.512552999999997], [-67.35133, 18.510869999999997], [-67.355388, 18.509308000000004], [-67.35843, 18.508129999999994], [-67.360472, 18.507328], [-67.369572, 18.503585], [-67.372602, 18.502312000000003], [-67.375223, 18.501153000000002], [-67.377227, 18.500285000000005], [-67.383178, 18.497699999999995], [-67.388448, 18.495482999999993], [-67.393447, 18.493418000000005], [-67.403427, 18.489385], [-67.406537, 18.488164999999995], [-67.417022, 18.484288000000006], [-67.419122, 18.483526999999995], [-67.42149, 18.482687999999996], [-67.42918, 18.479732999999996], [-67.433413, 18.478129999999993], [-67.43594, 18.477194999999995], [-67.439127, 18.476034999999996], [-67.44127, 18.475251999999998], [-67.444138, 18.474242000000004], [-67.44668, 18.473342000000002], [-67.449205, 18.472359999999995], [-67.552878, 18.431259999999995], [-67.764097, 18.342174999999997], [-67.285615, 18.533002999999994], [-67.267632, 18.541398], [-66.842458, 18.572971999999993], [-66.84045, 18.572868], [-66.839247, 18.572779999999995], [-66.825248, 18.571974999999995], [-66.82247, 18.571811999999994], [-66.821197, 18.571742999999998], [-66.81997, 18.571659999999994], [-66.817803, 18.571528], [-66.814638, 18.571347000000003], [-66.81136, 18.571132000000006], [-66.805545, 18.570700000000002]], "MMSI": 367313650, "DateTime": ["2009/04/08 00:56:00", "2009/04/08 01:12:00", "2009/04/08 01:15:59", "2009/04/08 01:17:00", "2009/04/08 01:25:00", "2009/04/08 01:25:59", "2009/04/08 03:43:00", "2009/04/08 03:46:00", "2009/04/08 03:48:00", "2009/04/08 03:49:00", "2009/04/08 03:51:00", "2009/04/08 03:52:00", "2009/04/08 03:53:00", "2009/04/08 03:53:59", "2009/04/08 03:55:00", "2009/04/08 03:56:00", "2009/04/08 03:58:00", "2009/04/08 04:01:00", "2009/04/08 04:02:00", "2009/04/08 04:02:59", "2009/04/08 04:06:59", "2009/04/08 04:08:00", "2009/04/08 04:09:59", "2009/04/08 04:37:00", "2009/04/08 04:38:59", "2009/04/08 04:41:00", "2009/04/08 04:41:59", "2009/04/08 04:43:00", "2009/04/08 04:46:00", "2009/04/08 04:47:59", "2009/04/08 04:49:00", "2009/04/08 04:50:00", "2009/04/08 04:51:59", "2009/04/08 04:53:00", "2009/04/08 04:56:00", "2009/04/08 05:03:59", "2009/04/08 05:10:00", "2009/04/08 05:10:59", "2009/04/08 05:18:00", "2009/04/08 05:19:59", "2009/04/08 05:22:00", "2009/04/08 05:23:59", "2009/04/08 05:25:00", "2009/04/08 05:26:00", "2009/04/08 05:31:00", "2009/04/08 05:32:00", "2009/04/08 05:34:00", "2009/04/08 05:35:00", "2009/04/08 05:38:00", "2009/04/08 05:39:59", "2009/04/08 05:42:59", "2009/04/08 05:48:00", "2009/04/08 05:48:59", "2009/04/08 05:54:00", "2009/04/08 05:55:00", "2009/04/08 05:55:59", "2009/04/08 06:00:00", "2009/04/08 06:01:59", "2009/04/08 06:03:00", "2009/04/08 06:04:59", "2009/04/08 06:06:00", "2009/04/08 06:07:00", "2009/04/08 06:08:00", "2009/04/08 06:10:00", "2009/04/08 06:59:00", "2009/04/08 08:51:59", "2009/04/11 15:40:59", "2009/04/11 15:56:59", "2009/04/11 22:18:00", "2009/04/11 22:18:59", "2009/04/11 22:20:00", "2009/04/11 22:31:59", "2009/04/11 22:34:00", "2009/04/11 22:34:59", "2009/04/11 22:36:00", "2009/04/11 22:38:00", "2009/04/11 22:40:00", "2009/04/11 22:43:00", "2009/04/11 22:47:59"]}