{"Geometry": [[-66.805623, 44.310372]], "MMSI": 316012950, "DateTime": ["2009/08/20 18:53:59"]}