{"Geometry": [[-66.044187, 45.23898299999999]], "MMSI": 316012950, "DateTime": ["2009/12/30 14:48:00"]}