{"Geometry": [[-68.886903, 43.92770200000001]], "MMSI": 316012950, "DateTime": ["2009/11/23 04:44:00"]}