{"Geometry": [[-69.234667, 26.714699999999993]], "MMSI": 235003920, "DateTime": ["2009/12/15 01:15:59"]}