{"Geometry": [[-69.61808, 28.596185000000006]], "MMSI": 275240000, "DateTime": ["2009/08/13 07:05:00"]}