{"Geometry": [[-67.611567, 17.849703000000005]], "MMSI": 477680800, "DateTime": ["2009/05/10 06:14:00"]}