{"Geometry": [[-71.557945, 41.03996000000001]], "MMSI": 366984630, "DateTime": ["2009/01/22 09:32:00"]}