{"Geometry": [[-69.796767, 26.099333]], "MMSI": 319597000, "DateTime": ["2009/10/29 15:00:00"]}