{"Geometry": [[-67.928207, 19.172053000000005], [-67.91392, 19.166762000000006], [-67.902693, 19.162606999999994], [-67.888465, 19.157138000000003], [-67.884043, 19.155417], [-67.87875, 19.153329999999997], [-67.872558, 19.15088], [-67.86643, 19.148455], [-67.861497, 19.146474999999995], [-67.854842, 19.143772], [-67.849523, 19.14161], [-67.84472, 19.139683000000005], [-67.838493, 19.137200000000007], [-67.832707, 19.134878], [-67.789435, 19.118319999999997], [-67.762875, 19.108112000000006], [-67.757882, 19.106174999999993], [-67.753352, 19.104408000000006], [-67.747918, 19.102306999999996], [-67.74152, 19.099800000000002], [-67.72884, 19.094795000000005], [-67.72255, 19.092275], [-67.717082, 19.090256999999994], [-67.711558, 19.088403], [-67.70139, 19.084968000000003], [-67.696773, 19.083354999999997], [-67.692197, 19.081748000000005], [-67.685645, 19.079466999999994], [-67.680072, 19.077523], [-67.675427, 19.075918], [-67.670397, 19.074162], [-67.665718, 19.072486999999995], [-67.66107, 19.070842], [-67.65646, 19.069187], [-67.651803, 19.067584999999994], [-67.646777, 19.065804999999997], [-67.640612, 19.063635000000005], [-67.635942, 19.061961999999994], [-67.63124, 19.060305], [-67.626555, 19.058673], [-67.621867, 19.057022000000003], [-67.615313, 19.054727], [-67.610633, 19.053101999999996], [-67.605955, 19.051703000000003], [-67.600843, 19.050217000000004], [-67.596095, 19.048823], [-67.591327, 19.047408000000004], [-67.58372, 19.045162000000005], [-67.578948, 19.043743000000006], [-67.572278, 19.041742], [-67.563715, 19.039213000000004], [-67.558988, 19.037800000000004], [-67.554242, 19.036396999999994], [-67.548935, 19.034788000000006], [-67.544172, 19.0334], [-67.53941, 19.032002000000006], [-67.534663, 19.030576999999994], [-67.529408, 19.029049999999998], [-67.523675, 19.027384999999995], [-67.516097, 19.025216999999998], [-67.511353, 19.023853000000003], [-67.50658, 19.022458], [-67.499433, 19.020376999999996], [-67.494138, 19.018839999999997], [-67.488907, 19.017317000000006], [-67.483738, 19.015882000000005], [-67.478975, 19.014556999999996], [-67.473748, 19.013137], [-67.469043, 19.011763000000002], [-67.464392, 19.010341999999994], [-67.459253, 19.008787999999996], [-67.454585, 19.007386999999994], [-67.449912, 19.005992000000006], [-67.444767, 19.004405000000006], [-67.440078, 19.003012999999996], [-67.434918, 19.001442999999995], [-67.4297, 18.999853], [-67.42504, 18.998427000000007]], "MMSI": 353881000, "DateTime": ["2009/03/20 22:09:59", "2009/03/20 22:12:59", "2009/03/20 22:15:00", "2009/03/20 22:18:59", "2009/03/20 22:20:00", "2009/03/20 22:21:00", "2009/03/20 22:21:59", "2009/03/20 22:24:00", "2009/03/20 22:25:00", "2009/03/20 22:25:59", "2009/03/20 22:27:00", "2009/03/20 22:28:00", "2009/03/20 22:30:00", "2009/03/20 22:31:00", "2009/03/20 22:41:00", "2009/03/20 22:47:00", "2009/03/20 22:47:59", "2009/03/20 22:49:00", "2009/03/20 22:50:00", "2009/03/20 22:50:59", "2009/03/20 22:54:00", "2009/03/20 22:56:00", "2009/03/20 22:57:00", "2009/03/20 22:57:59", "2009/03/20 23:00:00", "2009/03/20 23:00:59", "2009/03/20 23:02:00", "2009/03/20 23:03:59", "2009/03/20 23:05:00", "2009/03/20 23:06:00", "2009/03/20 23:06:59", "2009/03/20 23:07:59", "2009/03/20 23:09:00", "2009/03/20 23:10:00", "2009/03/20 23:10:59", "2009/03/20 23:12:00", "2009/03/20 23:13:00", "2009/03/20 23:13:59", "2009/03/20 23:15:00", "2009/03/20 23:16:00", "2009/03/20 23:16:59", "2009/03/20 23:19:00", "2009/03/20 23:19:59", "2009/03/20 23:21:00", "2009/03/20 23:22:00", "2009/03/20 23:23:00", "2009/03/20 23:23:59", "2009/03/20 23:25:00", "2009/03/20 23:26:00", "2009/03/20 23:28:00", "2009/03/20 23:29:59", "2009/03/20 23:31:00", "2009/03/20 23:32:00", "2009/03/20 23:32:59", "2009/03/20 23:34:00", "2009/03/20 23:35:00", "2009/03/20 23:35:59", "2009/03/20 23:36:59", "2009/03/20 23:38:00", "2009/03/20 23:39:59", "2009/03/20 23:41:00", "2009/03/20 23:42:00", "2009/03/20 23:42:59", "2009/03/20 23:44:00", "2009/03/20 23:45:00", "2009/03/20 23:45:59", "2009/03/20 23:47:00", "2009/03/20 23:48:00", "2009/03/20 23:48:59", "2009/03/20 23:50:00", "2009/03/20 23:51:59", "2009/03/20 23:52:59", "2009/03/20 23:54:00", "2009/03/20 23:55:00", "2009/03/20 23:55:59", "2009/03/20 23:57:00", "2009/03/20 23:58:00", "2009/03/20 23:58:59"]}