{"Geometry": [[-69.579733, 42.822666999999996]], "MMSI": 366966060, "DateTime": ["2009/03/24 11:26:00"]}