{"Geometry": [[-71.74945, 38.499269999999996]], "MMSI": 245981000, "DateTime": ["2009/03/31 12:07:00"]}