{"Geometry": [[-68.507733, 17.925399999999996]], "MMSI": 237896000, "DateTime": ["2009/04/13 11:21:00"]}