{"Geometry": [[-66.940578, 18.931765]], "MMSI": 311084000, "DateTime": ["2009/01/01 00:33:59"]}