{"Geometry": [[-70.54065, 36.539649999999995]], "MMSI": 237071000, "DateTime": ["2009/05/16 09:14:00"]}