{"Geometry": [[-70.74055, 40.54472000000001], [-71.312882, 40.527623000000006], [-71.34408, 40.526735], [-71.353875, 40.526397], [-71.369957, 40.526298], [-71.37785, 40.52629300000001], [-71.429357, 40.526655000000005], [-71.436263, 40.52673999999999], [-71.448872, 40.52676500000001], [-71.454592, 40.526737999999995], [-71.460328, 40.526782], [-71.474208, 40.52673200000001], [-71.48182, 40.526725], [-71.491495, 40.52651499999999], [-71.507355, 40.526015], [-71.516477, 40.525716999999986], [-71.525763, 40.525367999999986], [-71.531523, 40.525180000000006], [-71.5481, 40.524632999999994], [-71.55665, 40.52448000000001], [-71.565782, 40.524355000000014], [-71.579533, 40.52398299999999], [-71.58539, 40.52392499999999], [-71.59116, 40.52386799999999], [-71.597438, 40.523775], [-71.603847, 40.52371199999999], [-71.609673, 40.523683000000005], [-71.620243, 40.52356499999999], [-71.62593, 40.52350999999999], [-71.639818, 40.523387000000014], [-71.668202, 40.52328499999999], [-71.677532, 40.52324200000001], [-71.683927, 40.523222000000004], [-71.689762, 40.52323200000001], [-71.699102, 40.52320700000001], [-71.706108, 40.52324200000001], [-71.717177, 40.52329], [-71.735268, 40.523337], [-71.741067, 40.52332200000001], [-71.747473, 40.523345000000006], [-71.762648, 40.52351300000001], [-71.772025, 40.52356800000001], [-71.781175, 40.52369999999999], [-71.79099, 40.52381700000001], [-71.79676, 40.52386799999999], [-71.802545, 40.523889999999994], [-71.808348, 40.523922], [-71.814755, 40.52399500000001], [-71.820625, 40.524058], [-71.826607, 40.524088000000006], [-71.832465, 40.52414200000001], [-71.838797, 40.524204999999995], [-71.844598, 40.52421000000001], [-71.850402, 40.52425299999999], [-71.856315, 40.52429000000001], [-71.86204, 40.524316999999996], [-71.86852, 40.52430799999999], [-71.874227, 40.524303], [-71.880145, 40.52434299999999], [-71.88597, 40.524338], [-71.892308, 40.524355000000014], [-71.898172, 40.524325000000005], [-71.904058, 40.524294999999995], [-71.909945, 40.52421000000001], [-71.915842, 40.52408], [-71.921688, 40.523967999999996], [-71.92749, 40.52380199999999], [-71.934488, 40.52359799999999], [-71.940308, 40.523437], [-71.946778, 40.52324200000001], [-71.952575, 40.52304699999999], [-71.958812, 40.52283299999999], [-71.964632, 40.522654999999986], [-71.970325, 40.522492], [-71.976017, 40.52232699999999], [-71.98223, 40.522155], [-71.987955, 40.52193700000001], [-71.993687, 40.521837000000005], [-71.999473, 40.52171200000001]], "MMSI": 636013115, "DateTime": ["2009/11/12 08:51:00", "2009/11/12 10:31:00", "2009/11/12 10:36:00", "2009/11/12 10:38:00", "2009/11/12 10:40:00", "2009/11/12 10:41:59", "2009/11/12 10:50:59", "2009/11/12 10:51:59", "2009/11/12 10:54:00", "2009/11/12 10:54:59", "2009/11/12 10:56:00", "2009/11/12 10:59:00", "2009/11/12 11:00:00", "2009/11/12 11:02:00", "2009/11/12 11:03:59", "2009/11/12 11:06:00", "2009/11/12 11:06:59", "2009/11/12 11:07:59", "2009/11/12 11:10:59", "2009/11/12 11:13:00", "2009/11/12 11:13:59", "2009/11/12 11:16:59", "2009/11/12 11:18:00", "2009/11/12 11:19:00", "2009/11/12 11:19:59", "2009/11/12 11:21:00", "2009/11/12 11:22:00", "2009/11/12 11:23:59", "2009/11/12 11:25:00", "2009/11/12 11:26:59", "2009/11/12 11:32:00", "2009/11/12 11:34:00", "2009/11/12 11:35:00", "2009/11/12 11:35:59", "2009/11/12 11:38:00", "2009/11/12 11:39:00", "2009/11/12 11:41:00", "2009/11/12 11:44:00", "2009/11/12 11:45:00", "2009/11/12 11:45:59", "2009/11/12 11:48:00", "2009/11/12 11:50:00", "2009/11/12 11:51:59", "2009/11/12 11:52:59", "2009/11/12 11:54:00", "2009/11/12 11:55:00", "2009/11/12 11:55:59", "2009/11/12 11:57:00", "2009/11/12 11:58:00", "2009/11/12 11:58:59", "2009/11/12 12:00:00", "2009/11/12 12:01:00", "2009/11/12 12:03:00", "2009/11/12 12:04:00", "2009/11/12 12:04:59", "2009/11/12 12:06:00", "2009/11/12 12:07:00", "2009/11/12 12:08:00", "2009/11/12 12:08:59", "2009/11/12 12:10:00", "2009/11/12 12:11:00", "2009/11/12 12:11:59", "2009/11/12 12:13:00", "2009/11/12 12:14:00", "2009/11/12 12:14:59", "2009/11/12 12:16:00", "2009/11/12 12:17:00", "2009/11/12 12:17:59", "2009/11/12 12:19:00", "2009/11/12 12:20:00", "2009/11/12 12:20:59", "2009/11/12 12:21:59", "2009/11/12 12:23:00", "2009/11/12 12:24:00", "2009/11/12 12:24:59", "2009/11/12 12:26:00", "2009/11/12 12:27:00", "2009/11/12 12:27:59", "2009/11/12 12:29:00"]}