{"Geometry": [[-71.154767, 28.294233000000006]], "MMSI": 367311350, "DateTime": ["2009/10/28 02:28:00"]}