{"Geometry": [[-66.452258, 41.06335200000001]], "MMSI": 352987000, "DateTime": ["2009/08/28 02:42:00"]}