{"Geometry": [[-71.995437, 40.50733700000001]], "MMSI": 352987000, "DateTime": ["2009/03/31 00:00:00"]}