{"Geometry": [[-67.595542, 17.496146999999993]], "MMSI": 636091394, "DateTime": ["2009/12/25 08:44:00"]}