{"Geometry": [[-67.412163, 18.667142999999996]], "MMSI": 304697000, "DateTime": ["2009/04/17 04:21:59"]}