{"Geometry": [[-67.947497, 23.647557000000006]], "MMSI": 277367000, "DateTime": ["2009/12/13 01:41:59"]}