{"Geometry": [[-68.514118, 23.374708]], "MMSI": 309436000, "DateTime": ["2009/12/05 04:56:00"]}