{"Geometry": [[-71.988647, 38.986963]], "MMSI": 636091545, "DateTime": ["2009/04/29 04:47:59"]}