{"Geometry": [[-69.839733, 40.00021699999999]], "MMSI": 240681000, "DateTime": ["2009/02/02 01:41:59"]}