{"Geometry": [[-69.691053, 29.663863000000006]], "MMSI": 367015910, "DateTime": ["2009/02/12 18:11:59"]}