{"Geometry": [[-70.788817, 40.39876699999999]], "MMSI": 235007670, "DateTime": ["2009/03/24 12:58:00"]}