{"Geometry": [[-70.981167, 38.38733300000001]], "MMSI": 265870000, "DateTime": ["2009/02/25 12:30:00"]}