{"Geometry": [[-66.366765, 17.543553000000003]], "MMSI": 367339610, "DateTime": ["2009/05/04 00:04:00"]}