{"Geometry": [[-70.981333, 25.992500000000007]], "MMSI": 210400000, "DateTime": ["2009/07/22 22:38:00"]}