{"Geometry": [[-68.477667, 15.885999999999996]], "MMSI": 354166000, "DateTime": ["2009/08/04 09:56:59"]}