{"Geometry": [[-67.729517, 18.48885], [-67.70345, 18.507499999999993], [-67.6956, 18.513116999999994], [-67.593633, 18.587599999999995], [-67.562267, 18.606499999999997], [-67.522883, 18.629283], [-67.5031, 18.640500000000003], [-67.495667, 18.644733000000002], [-67.48815, 18.648899999999998], [-67.477533, 18.654767000000007], [-67.4602, 18.664517000000004], [-67.456083, 18.666866999999996], [-67.45065, 18.669916999999998], [-67.4462, 18.672449999999998], [-67.442133, 18.6747], [-67.437983, 18.677032999999994], [-67.433783, 18.6794], [-67.429717, 18.681700000000006], [-67.4253, 18.684167000000002], [-67.4211, 18.686516999999995], [-67.416983, 18.688850000000002], [-67.411267, 18.692082999999997], [-67.405383, 18.695383000000007], [-67.396933, 18.700216999999995], [-67.36955, 18.715999999999994], [-67.35705, 18.723267000000007], [-67.3526, 18.725849999999994], [-67.348567, 18.728082999999998], [-67.342233, 18.731733000000006], [-67.337517, 18.734466999999995], [-67.331333, 18.73805], [-67.32725, 18.740382999999994], [-67.323117, 18.742683], [-67.318533, 18.7453], [-67.313883, 18.747967000000003], [-67.30965, 18.750366999999997], [-67.30465, 18.753249999999994], [-67.30055, 18.755583], [-67.294383, 18.759083000000004], [-67.265567, 18.775482999999994], [-67.250583, 18.783817], [-67.235317, 18.792199999999994], [-67.141467, 18.843000000000004], [-67.093583, 18.871049999999997], [-67.088083, 18.874367000000007], [-67.08405, 18.876733], [-67.079133, 18.879599999999996], [-67.07515, 18.881917], [-67.0711, 18.884299999999996], [-67.052383, 18.895300000000006], [-67.038533, 18.903532999999996], [-67.034517, 18.905917000000002], [-67.0299, 18.908666999999994], [-67.025967, 18.911], [-67.008017, 18.921717], [-67.001767, 18.925466999999998], [-66.99755, 18.928016999999997], [-66.993067, 18.930717], [-66.986833, 18.934533000000002], [-66.981767, 18.937600000000003], [-66.977733, 18.939999999999998], [-66.967317, 18.946416999999997], [-66.96045, 18.950666999999996], [-66.954883, 18.954250000000002], [-66.95105, 18.956567000000007], [-66.944467, 18.960683000000003], [-66.940617, 18.962999999999994], [-66.928117, 18.97085], [-66.92315, 18.974000000000004], [-66.863533, 19.009900000000002], [-66.854183, 19.014650000000003], [-66.828983, 19.027483000000004], [-66.781483, 19.051833000000002], [-66.537133, 19.179649999999995], [-66.516183, 19.191050000000004], [-66.51015, 19.1943], [-66.5029, 19.198267], [-66.368867, 19.272267]], "MMSI": 372751000, "DateTime": ["2009/09/07 13:20:00", "2009/09/07 13:25:59", "2009/09/07 13:28:00", "2009/09/07 13:54:59", "2009/09/07 14:03:00", "2009/09/07 14:12:00", "2009/09/07 14:16:59", "2009/09/07 14:19:00", "2009/09/07 14:19:59", "2009/09/07 14:23:00", "2009/09/07 14:26:59", "2009/09/07 14:28:00", "2009/09/07 14:29:59", "2009/09/07 14:31:00", "2009/09/07 14:32:00", "2009/09/07 14:32:59", "2009/09/07 14:34:00", "2009/09/07 14:35:00", "2009/09/07 14:35:59", "2009/09/07 14:36:59", "2009/09/07 14:38:00", "2009/09/07 14:39:00", "2009/09/07 14:41:00", "2009/09/07 14:42:59", "2009/09/07 14:48:59", "2009/09/07 14:51:59", "2009/09/07 14:52:59", "2009/09/07 14:54:00", "2009/09/07 14:55:59", "2009/09/07 14:57:00", "2009/09/07 14:58:00", "2009/09/07 14:58:59", "2009/09/07 15:00:00", "2009/09/07 15:01:00", "2009/09/07 15:01:59", "2009/09/07 15:03:00", "2009/09/07 15:04:59", "2009/09/07 15:06:00", "2009/09/07 15:07:00", "2009/09/07 15:14:00", "2009/09/07 15:17:59", "2009/09/07 15:20:59", "2009/09/07 15:43:59", "2009/09/07 15:56:00", "2009/09/07 15:56:59", "2009/09/07 15:58:00", "2009/09/07 15:59:59", "2009/09/07 16:01:00", "2009/09/07 16:02:00", "2009/09/07 16:05:59", "2009/09/07 16:09:59", "2009/09/07 16:11:00", "2009/09/07 16:12:00", "2009/09/07 16:12:59", "2009/09/07 16:17:00", "2009/09/07 16:18:59", "2009/09/07 16:20:00", "2009/09/07 16:21:00", "2009/09/07 16:22:59", "2009/09/07 16:24:00", "2009/09/07 16:25:00", "2009/09/07 16:27:00", "2009/09/07 16:28:59", "2009/09/07 16:31:00", "2009/09/07 16:31:59", "2009/09/07 16:33:00", "2009/09/07 16:34:00", "2009/09/07 16:37:00", "2009/09/07 16:38:59", "2009/09/07 16:53:00", "2009/09/07 16:56:00", "2009/09/07 17:02:00", "2009/09/07 17:13:00", "2009/09/07 18:11:59", "2009/09/07 18:17:00", "2009/09/07 18:17:59", "2009/09/07 18:20:00", "2009/09/07 18:53:00"]}