{"Geometry": [[-68.233447, 25.005167]], "MMSI": 247098700, "DateTime": ["2009/04/25 23:10:00"]}