{"Geometry": [[-66.031148, 16.718805000000003]], "MMSI": 310456000, "DateTime": ["2009/11/23 01:05:59"]}