{"Geometry": [[-67.294333, 17.153833000000006]], "MMSI": 247655000, "DateTime": ["2009/01/02 07:09:00"]}