{"Geometry": [[-70.412097, 26.638171999999997]], "MMSI": 477840400, "DateTime": ["2009/10/30 07:05:59"]}