{"Geometry": [[-67.42925, 31.977967000000007]], "MMSI": 636012629, "DateTime": ["2009/11/17 08:18:00"]}