{"Geometry": [[-66.397798, 19.510653000000005], [-66.403848, 19.506668000000005], [-66.41945, 19.496399999999994], [-66.430517, 19.489135000000005], [-66.450268, 19.476232999999993], [-66.45937, 19.470315], [-66.470553, 19.462999999999994], [-66.47632, 19.459266999999997], [-66.480418, 19.456497999999996], [-66.484435, 19.45353], [-66.48832, 19.450663000000006], [-66.493187, 19.447112000000004], [-66.508753, 19.435643], [-66.512738, 19.432725000000005], [-66.51874, 19.428342999999998], [-66.52434, 19.424277000000004], [-66.529472, 19.420527000000007], [-66.535555, 19.416127000000003], [-66.554425, 19.402524999999997], [-66.558557, 19.399575], [-66.56506, 19.394942], [-66.578942, 19.385018000000002], [-66.594147, 19.373553], [-66.797517, 19.225357000000002], [-66.982072, 19.091533], [-66.993357, 19.083264999999997], [-66.998007, 19.079797999999997], [-67.137173, 18.976070000000007], [-67.143473, 18.971436999999995], [-67.148623, 18.967636999999996], [-67.156442, 18.961817999999994], [-67.161527, 18.958067999999997], [-67.212943, 18.919768000000005], [-67.218908, 18.91525], [-67.226427, 18.909567999999993], [-67.232695, 18.904816999999994], [-67.269063, 18.877933], [-67.287915, 18.864367], [-67.292113, 18.86135], [-67.296795, 18.857967000000002], [-67.304465, 18.852467000000004], [-67.31253, 18.846683], [-67.319765, 18.841515], [-67.3257, 18.837282000000002], [-67.330867, 18.833613], [-67.335533, 18.830297], [-67.340118, 18.827048000000005], [-67.344385, 18.823980000000006], [-67.349837, 18.820063000000005], [-67.354785, 18.816513], [-67.359437, 18.813177999999994], [-67.364003, 18.809911999999997], [-67.36817, 18.806945], [-67.37232, 18.803978], [-67.376553, 18.800979999999996], [-67.380653, 18.798078000000004], [-67.38482, 18.795128000000005], [-67.388987, 18.792178000000007], [-67.393505, 18.788995], [-67.402373, 18.782777999999993], [-67.406572, 18.779861999999994], [-67.411223, 18.776595], [-67.422373, 18.768845], [-67.42989, 18.763594999999995], [-67.448858, 18.750460000000004], [-67.460293, 18.742592000000002], [-67.464545, 18.739675000000005], [-67.469645, 18.736142], [-67.475697, 18.732006999999996], [-67.479917, 18.729138000000006], [-67.484182, 18.726187999999993], [-67.489348, 18.72269], [-67.494417, 18.719238000000004], [-67.499202, 18.715987999999996], [-67.504333, 18.712486999999996], [-67.50905, 18.709287000000003], [-67.725777, 18.554824999999994], [-67.756713, 18.531589999999994], [-67.782815, 18.511988000000002]], "MMSI": 305346000, "DateTime": ["2009/09/05 21:53:00", "2009/09/05 21:53:59", "2009/09/05 21:58:00", "2009/09/05 22:01:00", "2009/09/05 22:05:59", "2009/09/05 22:08:00", "2009/09/05 22:11:00", "2009/09/05 22:12:00", "2009/09/05 22:12:59", "2009/09/05 22:14:00", "2009/09/05 22:15:00", "2009/09/05 22:15:59", "2009/09/05 22:20:00", "2009/09/05 22:21:00", "2009/09/05 22:22:59", "2009/09/05 22:24:00", "2009/09/05 22:25:00", "2009/09/05 22:27:00", "2009/09/05 22:31:59", "2009/09/05 22:33:00", "2009/09/05 22:34:00", "2009/09/05 22:37:00", "2009/09/05 22:41:00", "2009/09/05 23:31:00", "2009/09/06 00:14:00", "2009/09/06 00:17:00", "2009/09/06 00:17:59", "2009/09/06 00:51:00", "2009/09/06 00:52:00", "2009/09/06 00:53:59", "2009/09/06 00:56:00", "2009/09/06 00:56:59", "2009/09/06 01:09:00", "2009/09/06 01:09:59", "2009/09/06 01:12:00", "2009/09/06 01:14:00", "2009/09/06 01:21:59", "2009/09/06 01:27:00", "2009/09/06 01:28:00", "2009/09/06 01:28:59", "2009/09/06 01:30:00", "2009/09/06 01:31:59", "2009/09/06 01:34:00", "2009/09/06 01:34:59", "2009/09/06 01:37:00", "2009/09/06 01:38:00", "2009/09/06 01:38:59", "2009/09/06 01:40:00", "2009/09/06 01:41:00", "2009/09/06 01:41:59", "2009/09/06 01:43:00", "2009/09/06 01:44:59", "2009/09/06 01:46:00", "2009/09/06 01:47:00", "2009/09/06 01:47:59", "2009/09/06 01:49:00", "2009/09/06 01:50:00", "2009/09/06 01:50:59", "2009/09/06 01:51:59", "2009/09/06 01:54:00", "2009/09/06 01:54:59", "2009/09/06 01:56:00", "2009/09/06 01:59:00", "2009/09/06 02:00:00", "2009/09/06 02:05:00", "2009/09/06 02:07:59", "2009/09/06 02:09:00", "2009/09/06 02:10:00", "2009/09/06 02:10:59", "2009/09/06 02:12:00", "2009/09/06 02:13:00", "2009/09/06 02:13:59", "2009/09/06 02:16:00", "2009/09/06 02:16:59", "2009/09/06 02:18:00", "2009/09/06 02:19:00", "2009/09/06 03:10:00", "2009/09/06 03:17:00", "2009/09/06 03:24:00"]}