{"Geometry": [[-71.777198, -66.290373]], "MMSI": 316008255, "DateTime": ["2009/05/03 05:57:00"]}