{"Geometry": [[-71.976728, 38.01383999999999]], "MMSI": 271000516, "DateTime": ["2009/03/14 13:28:59"]}