{"Geometry": [[-71.077733, 37.72278300000001]], "MMSI": 636010517, "DateTime": ["2009/07/09 02:55:00"]}