{"Geometry": [[-66.95723, 33.599778]], "MMSI": 240773000, "DateTime": ["2009/01/28 12:06:00"]}