{"Geometry": [[-67.000567, 42.95821699999999]], "MMSI": 370379000, "DateTime": ["2009/09/20 05:10:59"]}