{"Geometry": [[-69.893033, 25.756887000000006]], "MMSI": 319657000, "DateTime": ["2009/04/28 04:25:00"]}