{"Geometry": [[-69.89295, 25.756888000000004]], "MMSI": 319657000, "DateTime": ["2009/06/01 16:44:00"]}