{"Geometry": [[-69.698217, 36.161249999999995]], "MMSI": 240472000, "DateTime": ["2009/07/26 04:14:00"]}