{"Geometry": [[-71.88975, 36.48566700000001]], "MMSI": 309763000, "DateTime": ["2009/12/30 14:45:59"]}