{"Geometry": [[-67.869673, 40.41663199999999]], "MMSI": 308069000, "DateTime": ["2009/07/18 05:32:00"]}