{"Geometry": [[-71.983368, 38.76814300000001]], "MMSI": 273535310, "DateTime": ["2009/01/22 13:27:00"]}