{"Geometry": [[-71.610755, -33.031478]], "MMSI": 725012700, "DateTime": ["2009/12/29 13:54:59"]}