{"Geometry": [[-71.911655, 38.45280299999999]], "MMSI": 311307000, "DateTime": ["2009/08/31 10:57:59"]}