{"Geometry": [[-68.800668, 18.022071999999994]], "MMSI": 351621000, "DateTime": ["2009/04/10 17:55:59"]}