{"Geometry": [[-68.447113, 18.109792]], "MMSI": 351621000, "DateTime": ["2009/08/16 01:12:59"]}