{"Geometry": [[-69.100953, 17.668930000000003]], "MMSI": 351621000, "DateTime": ["2009/12/25 18:49:59"]}