{"Geometry": [[-66.387507, 16.386501999999993]], "MMSI": 567023000, "DateTime": ["2009/10/17 02:57:00"]}