{"Geometry": [[-68.035883, 23.675217000000004]], "MMSI": 538002010, "DateTime": ["2009/04/22 05:52:59"]}