{"Geometry": [[-66.998442, 18.996466999999996], [-66.964292, 18.985394999999997], [-66.960498, 18.984182000000004], [-66.950598, 18.981007000000005], [-66.941253, 18.977963000000003], [-66.617558, 18.870537], [-66.59531, 18.863183000000006], [-66.568772, 18.854304999999997], [-66.565137, 18.853082], [-66.558533, 18.850848], [-66.554237, 18.849401999999998], [-66.54764, 18.847210000000004], [-66.539167, 18.844342999999995], [-66.507722, 18.833547999999993], [-66.501015, 18.831193], [-66.488955, 18.826864999999998], [-66.48047, 18.823853], [-66.453135, 18.814177], [-66.37117, 18.786917000000003], [-66.339887, 18.776593000000005], [-66.30657, 18.765666999999993], [-66.302283, 18.764273000000003], [-66.296172, 18.762348000000003], [-66.288898, 18.760107000000005], [-66.285273, 18.758989999999997], [-66.280498, 18.757507000000004], [-66.275027, 18.755853000000002], [-66.270875, 18.754592000000002], [-66.266052, 18.753135], [-66.260012, 18.751292000000007], [-66.25642, 18.750178000000005], [-66.252872, 18.748957000000004], [-66.247983, 18.747303000000002], [-66.244402, 18.746089999999995], [-66.23974, 18.744523], [-66.233718, 18.742450000000005], [-66.228343, 18.740620000000007], [-66.223472, 18.738945], [-66.218732, 18.737312000000003], [-66.214585, 18.735895], [-66.211002, 18.734665000000007], [-66.207405, 18.73344], [-66.203817, 18.732204999999993], [-66.198957, 18.730514999999997], [-66.19536, 18.729282999999995], [-66.191747, 18.728037999999998], [-66.188155, 18.726799999999997], [-66.180965, 18.724305], [-66.177387, 18.723052999999993], [-66.173808, 18.721812], [-66.169648, 18.720332999999997], [-66.166073, 18.719097000000005], [-66.161902, 18.717637999999994], [-66.158313, 18.716358], [-66.15344, 18.714695000000006], [-66.149295, 18.713262999999998], [-66.1445, 18.711595000000003], [-66.140327, 18.710130000000007], [-66.136727, 18.708878], [-66.131323, 18.707003], [-66.126555, 18.705325000000002], [-66.121122, 18.703445000000002], [-66.111977, 18.700317], [-66.107023, 18.698667], [-66.097757, 18.695912000000007], [-66.089575, 18.693461999999997], [-66.085217, 18.692162999999994], [-66.080742, 18.690844999999996], [-66.072002, 18.688267999999994], [-66.0487, 18.681618], [-66.042522, 18.679882000000006], [-66.03878, 18.678815], [-66.026482, 18.674825], [-66.021503, 18.673190000000005], [-66.017852, 18.671915], [-66.01423, 18.670582999999993], [-66.010622, 18.669212], [-66.0046, 18.666946999999993], [-66.000972, 18.665582]], "MMSI": 636090608, "DateTime": ["2009/11/16 20:21:00", "2009/11/16 20:31:00", "2009/11/16 20:32:00", "2009/11/16 20:34:00", "2009/11/16 20:36:59", "2009/11/16 22:05:00", "2009/11/16 22:12:00", "2009/11/16 22:18:59", "2009/11/16 22:20:00", "2009/11/16 22:21:59", "2009/11/16 22:22:59", "2009/11/16 22:25:00", "2009/11/16 22:27:00", "2009/11/16 22:36:00", "2009/11/16 22:38:00", "2009/11/16 22:41:00", "2009/11/16 22:43:00", "2009/11/16 22:50:59", "2009/11/16 23:13:00", "2009/11/16 23:22:00", "2009/11/16 23:31:00", "2009/11/16 23:32:00", "2009/11/16 23:32:59", "2009/11/16 23:35:00", "2009/11/16 23:35:59", "2009/11/16 23:38:00", "2009/11/16 23:39:00", "2009/11/16 23:39:59", "2009/11/16 23:42:00", "2009/11/16 23:42:59", "2009/11/16 23:44:00", "2009/11/16 23:45:00", "2009/11/16 23:47:00", "2009/11/16 23:48:00", "2009/11/16 23:48:59", "2009/11/16 23:51:00", "2009/11/16 23:51:59", "2009/11/16 23:54:00", "2009/11/16 23:55:00", "2009/11/16 23:55:59", "2009/11/16 23:57:00", "2009/11/16 23:58:00", "2009/11/16 23:58:59", "2009/11/17 00:00:00", "2009/11/17 00:01:00", "2009/11/17 00:01:59", "2009/11/17 00:03:00", "2009/11/17 00:04:59", "2009/11/17 00:06:00", "2009/11/17 00:07:00", "2009/11/17 00:08:59", "2009/11/17 00:10:00", "2009/11/17 00:11:00", "2009/11/17 00:11:59", "2009/11/17 00:13:00", "2009/11/17 00:14:00", "2009/11/17 00:16:00", "2009/11/17 00:17:00", "2009/11/17 00:17:59", "2009/11/17 00:19:00", "2009/11/17 00:20:59", "2009/11/17 00:21:59", "2009/11/17 00:24:59", "2009/11/17 00:26:00", "2009/11/17 00:27:59", "2009/11/17 00:30:59", "2009/11/17 00:32:00", "2009/11/17 00:33:00", "2009/11/17 00:35:00", "2009/11/17 00:40:59", "2009/11/17 00:43:00", "2009/11/17 00:43:59", "2009/11/17 00:46:59", "2009/11/17 00:49:00", "2009/11/17 00:49:59", "2009/11/17 00:51:00", "2009/11/17 00:52:00", "2009/11/17 00:53:00", "2009/11/17 00:53:59"]}