{"Geometry": [[-69.792053, 35.659577]], "MMSI": 244317000, "DateTime": ["2009/06/03 11:34:00"]}