{"Geometry": [[-67.619378, 23.766199999999998]], "MMSI": 310524000, "DateTime": ["2009/03/03 09:30:00"]}