{"Geometry": [[-68.750733, 18.023700000000005]], "MMSI": 416104000, "DateTime": ["2009/04/30 09:21:59"]}