{"Geometry": [[-71.393985, -27.223391999999997]], "MMSI": 636013185, "DateTime": ["2009/12/29 13:54:59"]}