{"Geometry": [[-67.312473, 25.117517000000007]], "MMSI": 305014000, "DateTime": ["2009/12/24 15:23:00"]}