{"Geometry": [[-71.522233, -32.776433]], "MMSI": 725000695, "DateTime": ["2009/12/29 13:54:59"]}