{"Geometry": [[-71.978167, 28.497833]], "MMSI": 246452000, "DateTime": ["2009/10/22 12:42:00"]}