{"Geometry": [[-68.489433, 16.974783000000002]], "MMSI": 304597000, "DateTime": ["2009/02/15 23:28:00"]}