{"Geometry": [[-67.457083, 38.89965000000001]], "MMSI": 371901000, "DateTime": ["2009/12/29 17:35:59"]}