{"Geometry": [[-70.796933, 37.903133]], "MMSI": 371901000, "DateTime": ["2009/11/23 15:13:00"]}