{"Geometry": [[-69.99795, 37.388966999999994]], "MMSI": 371901000, "DateTime": ["2009/11/06 16:04:00"]}