{"Geometry": [[-71.635487, 15.439085000000006]], "MMSI": 636012740, "DateTime": ["2009/02/17 06:59:59"]}