{"Geometry": [[-71.803267, 35.89295]], "MMSI": 370878000, "DateTime": ["2009/10/31 01:54:00"]}