{"Geometry": [[-69.058568, 28.602812999999998]], "MMSI": 367302380, "DateTime": ["2009/12/08 23:12:00"]}