{"Geometry": [[-68.124627, 24.414085]], "MMSI": 538003397, "DateTime": ["2009/03/25 10:18:59"]}