{"Geometry": [[-70.81403, -26.848913000000003]], "MMSI": 477114200, "DateTime": ["2009/12/29 13:54:59"]}