{"Geometry": [[-67.687692, 24.161797000000007]], "MMSI": 257901000, "DateTime": ["2009/03/29 16:34:59"]}