{"Geometry": [[-71.688633, 41.02520000000001], [-71.691983, 41.02355], [-71.695317, 41.02189999999999], [-71.698683, 41.020250000000004], [-71.702083, 41.01865000000001], [-71.70545, 41.016966999999994], [-71.708867, 41.01535000000001], [-71.7123, 41.013682999999986], [-71.715683, 41.01204999999999], [-71.719733, 41.01018300000001], [-71.72325, 41.0085], [-71.726683, 41.00691699999999], [-71.730167, 41.00528299999999], [-71.73365, 41.00361699999999], [-71.737133, 41.00191699999999], [-71.74065, 41.000249999999994], [-71.744717, 40.99828299999999], [-71.748283, 40.99680000000001], [-71.752683, 40.99525], [-71.756417, 40.99395000000001], [-71.7602, 40.992717], [-71.76395, 40.991433], [-71.7683, 40.98994999999999], [-71.7721, 40.988732999999996], [-71.775883, 40.987449999999995], [-71.779733, 40.986282999999986], [-71.783517, 40.98509999999999], [-71.784817, 40.98468299999999], [-71.7926, 40.982316999999995], [-71.797133, 40.980917000000005], [-71.801067, 40.979749999999996], [-71.805017, 40.978533], [-71.808967, 40.97739999999999], [-71.813617, 40.975967], [-71.817583, 40.97486699999999], [-71.821517, 40.97364999999999], [-71.8262, 40.97229999999999], [-71.830133, 40.97110000000001], [-71.834133, 40.96998300000001], [-71.838117, 40.96885], [-71.842133, 40.967682999999994], [-71.84615, 40.966583000000014], [-71.850117, 40.96543299999999], [-71.854717, 40.96418299999999], [-71.858683, 40.963066999999995], [-71.862663, 40.96196699999999], [-71.866617, 40.96095], [-71.870517, 40.95984999999999], [-71.874433, 40.95878300000001], [-71.879, 40.95755], [-71.88355, 40.956333], [-71.8874, 40.955299999999994], [-71.8913, 40.95423299999999], [-71.895133, 40.95313300000001], [-71.899483, 40.951933], [-71.903317, 40.95083299999999], [-71.907817, 40.94961699999999], [-71.91165, 40.948533], [-71.9155, 40.94749999999999], [-71.919317, 40.94645], [-71.923133, 40.945367000000005], [-71.927633, 40.94415000000001], [-71.932067, 40.94290000000001], [-71.936567, 40.941733], [-71.940367, 40.94068300000001], [-71.944167, 40.93960000000001], [-71.94855, 40.93841699999999], [-71.952367, 40.93735000000001], [-71.956833, 40.93615], [-71.960633, 40.93508299999999], [-71.964433, 40.934033], [-71.968283, 40.933032999999995], [-71.972083, 40.931983], [-71.975867, 40.930949999999996], [-71.98045, 40.92975000000001], [-71.984233, 40.92869999999999], [-71.988033, 40.927683], [-71.991817, 40.92666700000001], [-71.996167, 40.925467], [-71.999967, 40.92445000000001]], "MMSI": 367390130, "DateTime": ["2009/11/23 00:01:00", "2009/11/23 00:01:59", "2009/11/23 00:03:00", "2009/11/23 00:04:00", "2009/11/23 00:04:59", "2009/11/23 00:06:00", "2009/11/23 00:07:00", "2009/11/23 00:08:00", "2009/11/23 00:08:59", "2009/11/23 00:10:00", "2009/11/23 00:11:00", "2009/11/23 00:11:59", "2009/11/23 00:13:00", "2009/11/23 00:14:00", "2009/11/23 00:14:59", "2009/11/23 00:16:00", "2009/11/23 00:17:00", "2009/11/23 00:17:59", "2009/11/23 00:19:00", "2009/11/23 00:20:00", "2009/11/23 00:20:59", "2009/11/23 00:21:59", "2009/11/23 00:23:00", "2009/11/23 00:24:00", "2009/11/23 00:24:59", "2009/11/23 00:26:00", "2009/11/23 00:27:00", "2009/11/23 00:29:00", "2009/11/23 00:30:00", "2009/11/23 00:30:59", "2009/11/23 00:32:00", "2009/11/23 00:33:00", "2009/11/23 00:33:59", "2009/11/23 00:35:00", "2009/11/23 00:36:00", "2009/11/23 00:36:59", "2009/11/23 00:37:59", "2009/11/23 00:39:00", "2009/11/23 00:40:00", "2009/11/23 00:40:59", "2009/11/23 00:42:00", "2009/11/23 00:43:00", "2009/11/23 00:43:59", "2009/11/23 00:45:00", "2009/11/23 00:46:00", "2009/11/23 00:46:59", "2009/11/23 00:48:00", "2009/11/23 00:49:00", "2009/11/23 00:49:59", "2009/11/23 00:52:00", "2009/11/23 00:53:00", "2009/11/23 00:53:59", "2009/11/23 00:55:00", "2009/11/23 00:56:00", "2009/11/23 00:56:59", "2009/11/23 00:58:00", "2009/11/23 00:59:00", "2009/11/23 00:59:59", "2009/11/23 01:01:00", "2009/11/23 01:02:00", "2009/11/23 01:02:59", "2009/11/23 01:04:00", "2009/11/23 01:05:00", "2009/11/23 01:05:59", "2009/11/23 01:06:59", "2009/11/23 01:09:00", "2009/11/23 01:09:59", "2009/11/23 01:11:00", "2009/11/23 01:12:00", "2009/11/23 01:12:59", "2009/11/23 01:14:00", "2009/11/23 01:15:00", "2009/11/23 01:15:59", "2009/11/23 01:17:00", "2009/11/23 01:18:00", "2009/11/23 01:18:59", "2009/11/23 01:20:00", "2009/11/23 01:21:00", "2009/11/23 01:21:59", "2009/11/23 01:22:59"]}