{"Geometry": [[-66.289983, 19.261399999999995]], "MMSI": 565885000, "DateTime": ["2009/01/05 21:24:00"]}