{"Geometry": [[-68.672683, 39.04945000000001]], "MMSI": 311015700, "DateTime": ["2009/12/29 17:39:59"]}