{"Geometry": [[-68.576252, 20.483722999999998]], "MMSI": 538002406, "DateTime": ["2009/07/07 18:14:59"]}