{"Geometry": [[-67.093643, 17.68177], [-67.086613, 17.681366999999995], [-67.078178, 17.680859999999996], [-67.07104, 17.680476999999996], [-67.045625, 17.679038000000006], [-66.966505, 17.676118000000002], [-66.947158, 17.6759], [-66.936112, 17.675825000000003], [-66.917457, 17.675555000000003], [-66.902117, 17.675223000000003], [-66.894922, 17.675051999999994], [-66.892993, 17.675002000000006], [-66.885898, 17.674819999999997], [-66.878693, 17.674628], [-66.871693, 17.674475], [-66.862002, 17.674252999999993], [-66.855538, 17.674092], [-66.844535, 17.673846999999995], [-66.838057, 17.673704999999998], [-66.83161, 17.673536999999996], [-66.827845, 17.673378], [-66.82068, 17.672977000000003], [-66.812972, 17.672572000000002], [-66.806562, 17.672273000000004], [-66.798088, 17.671867000000006], [-66.787218, 17.671352999999996], [-66.779983, 17.671018000000004], [-66.765177, 17.670325000000005], [-66.758053, 17.669984999999997], [-66.75093, 17.669714999999997], [-66.744345, 17.669597999999993], [-66.736705, 17.669340000000005], [-66.72961, 17.669034999999994], [-66.723173, 17.668751999999998], [-66.715472, 17.668409999999994], [-66.706605, 17.668066999999994], [-66.701257, 17.667992999999996], [-66.694212, 17.667891999999995], [-66.687927, 17.667747000000006], [-66.68463, 17.667666999999994], [-66.677732, 17.667492999999993], [-66.67072, 17.667322], [-66.663063, 17.667131999999995], [-66.655512, 17.666946999999993], [-66.64575, 17.666662000000002], [-66.638863, 17.666482000000002], [-66.633782, 17.666337], [-66.627437, 17.666150000000002], [-66.622368, 17.666005], [-66.616032, 17.665824999999998], [-66.608422, 17.665617999999995], [-66.600802, 17.665408], [-66.59256, 17.665227], [-66.586057, 17.665057000000004], [-66.57644, 17.664783], [-66.57077, 17.664654999999996], [-66.559207, 17.664405000000002], [-66.555348, 17.664322], [-66.549027, 17.664192], [-66.541223, 17.664032000000006], [-66.533428, 17.663877], [-66.526483, 17.663731999999996], [-66.519438, 17.663593000000006], [-66.511107, 17.66346], [-66.50076, 17.663335000000004], [-66.49574, 17.663268000000002], [-66.491788, 17.663233000000005], [-66.483062, 17.663241999999997], [-66.46951, 17.663435000000007], [-66.45188, 17.66368], [-66.442802, 17.663854999999998], [-66.428022, 17.664112000000003], [-66.421597, 17.664244999999994], [-66.413903, 17.66444], [-66.403007, 17.664676999999998], [-66.39595, 17.664846999999995], [-66.389, 17.664997], [-66.02382, 17.674407000000002]], "MMSI": 247645000, "DateTime": ["2009/01/21 03:29:00", "2009/01/21 03:30:00", "2009/01/21 03:32:00", "2009/01/21 03:33:00", "2009/01/21 03:36:00", "2009/01/21 03:49:00", "2009/01/21 03:52:00", "2009/01/21 03:53:59", "2009/01/21 03:56:00", "2009/01/21 03:58:00", "2009/01/21 03:59:00", "2009/01/21 04:01:00", "2009/01/21 04:02:00", "2009/01/21 04:02:59", "2009/01/21 04:04:00", "2009/01/21 04:05:00", "2009/01/21 04:05:59", "2009/01/21 04:06:59", "2009/01/21 04:08:00", "2009/01/21 04:09:00", "2009/01/21 04:11:00", "2009/01/21 04:12:00", "2009/01/21 04:12:59", "2009/01/21 04:14:00", "2009/01/21 04:15:00", "2009/01/21 04:15:59", "2009/01/21 04:17:00", "2009/01/21 04:20:00", "2009/01/21 04:21:00", "2009/01/21 04:22:59", "2009/01/21 04:24:00", "2009/01/21 04:25:00", "2009/01/21 04:25:59", "2009/01/21 04:27:00", "2009/01/21 04:28:00", "2009/01/21 04:28:59", "2009/01/21 04:30:00", "2009/01/21 04:31:00", "2009/01/21 04:31:59", "2009/01/21 04:33:00", "2009/01/21 04:34:00", "2009/01/21 04:34:59", "2009/01/21 04:36:00", "2009/01/21 04:37:00", "2009/01/21 04:38:00", "2009/01/21 04:38:59", "2009/01/21 04:40:00", "2009/01/21 04:41:00", "2009/01/21 04:43:00", "2009/01/21 04:44:00", "2009/01/21 04:44:59", "2009/01/21 04:46:00", "2009/01/21 04:47:00", "2009/01/21 04:47:59", "2009/01/21 04:49:00", "2009/01/21 04:50:00", "2009/01/21 04:51:59", "2009/01/21 04:53:00", "2009/01/21 04:54:00", "2009/01/21 04:54:59", "2009/01/21 04:56:00", "2009/01/21 04:57:59", "2009/01/21 04:59:00", "2009/01/21 05:00:00", "2009/01/21 05:00:59", "2009/01/21 05:02:00", "2009/01/21 05:03:00", "2009/01/21 05:03:59", "2009/01/21 05:06:00", "2009/01/21 05:09:00", "2009/01/21 05:10:00", "2009/01/21 05:13:00", "2009/01/21 05:13:59", "2009/01/21 05:15:00", "2009/01/21 05:16:59", "2009/01/21 05:18:00", "2009/01/21 05:19:00", "2009/01/21 06:16:00"]}