{"Geometry": [[-69.108217, 36.205732999999995]], "MMSI": 477189700, "DateTime": ["2009/10/18 10:47:00"]}