{"Geometry": [[-70.993887, 37.786680000000004]], "MMSI": 310426000, "DateTime": ["2009/05/03 04:05:59"]}