{"Geometry": [[-71.794632, 39.84892500000001]], "MMSI": 367379670, "DateTime": ["2009/04/30 06:30:00"]}