{"Geometry": [[-67.333048, 28.898888]], "MMSI": 212609000, "DateTime": ["2009/12/14 12:04:00"]}