{"Geometry": [[-71.171195, 46.839135]], "MMSI": 220605000, "DateTime": ["2009/12/29 17:35:59"]}