{"Geometry": [[-71.40922, 37.863420000000005], [-71.396807, 37.872896999999995], [-71.358823, 37.899662000000006], [-71.343588, 37.9118], [-71.306728, 37.94118], [-71.299932, 37.946482], [-71.283057, 37.95959499999999], [-71.27777, 37.96377699999999], [-71.262832, 37.975657], [-71.255632, 37.981570000000005], [-71.216003, 38.01163700000001], [-71.195432, 38.02756500000001], [-71.18555, 38.03522000000001], [-71.179728, 38.03984299999999], [-71.172107, 38.04605000000001], [-71.152058, 38.062352000000004], [-71.132308, 38.07738499999999], [-71.128805, 38.08010200000001], [-71.124442, 38.08351300000001], [-71.117795, 38.08883499999999], [-71.0931, 38.108227], [-71.090168, 38.1105], [-71.081033, 38.117773], [-71.075767, 38.122000000000014], [-71.067608, 38.128558], [-71.059802, 38.13483199999999], [-71.054932, 38.13866999999999], [-71.023048, 38.16319200000001], [-71.015687, 38.16899699999999], [-71.01219, 38.171760000000006], [-71.009303, 38.17405299999999], [-71.001725, 38.18007], [-70.998357, 38.18273500000001], [-70.944123, 38.22479200000001], [-70.936825, 38.23039499999999], [-70.91477, 38.247163], [-70.810542, 38.32941500000001], [-70.788942, 38.346126999999996], [-70.768665, 38.362202999999994], [-69.292825, 39.50700800000001], [-69.27755, 39.51875799999999], [-69.274158, 39.52136300000001], [-69.271322, 39.52354299999999], [-69.266127, 39.52752699999999], [-69.233332, 39.55131700000001], [-69.23037, 39.553402000000006], [-69.227388, 39.555477999999994], [-69.224457, 39.557559999999995], [-69.221517, 39.55963199999999], [-69.218547, 39.56173000000001], [-69.215043, 39.56422499999999], [-69.212045, 39.56634199999999], [-69.209, 39.568478], [-69.205973, 39.570615000000004], [-69.2025, 39.57315199999999], [-69.199163, 39.575682], [-69.195802, 39.578315], [-69.1925, 39.580895], [-69.189637, 39.58312000000001], [-69.185793, 39.586051999999995], [-69.182992, 39.588201999999995], [-69.17818, 39.59189000000001], [-69.175322, 39.594122999999996], [-69.17248, 39.59637699999999], [-69.169563, 39.598592999999994], [-69.16661, 39.600785], [-69.163682, 39.60295199999999], [-69.15612, 39.608794999999986], [-69.138253, 39.62255300000001], [-69.120853, 39.63599300000001], [-69.113908, 39.641347999999994], [-69.109717, 39.64462499999999], [-69.100125, 39.652289999999994], [-69.095052, 39.65639999999999], [-69.088152, 39.66201000000001], [-69.084482, 39.66491500000001], [-69.072675, 39.673687], [-69.0679, 39.67728500000001], [-69.061277, 39.682357999999994]], "MMSI": 219585000, "DateTime": ["2009/05/25 15:11:00", "2009/05/25 15:16:00", "2009/05/25 15:27:59", "2009/05/25 15:33:59", "2009/05/25 15:46:00", "2009/05/25 15:49:00", "2009/05/25 15:55:00", "2009/05/25 15:56:00", "2009/05/25 16:02:00", "2009/05/25 16:04:00", "2009/05/25 16:17:00", "2009/05/25 16:24:00", "2009/05/25 16:28:00", "2009/05/25 16:30:00", "2009/05/25 16:31:59", "2009/05/25 16:38:59", "2009/05/25 16:46:00", "2009/05/25 16:47:00", "2009/05/25 16:49:00", "2009/05/25 16:50:59", "2009/05/25 17:00:00", "2009/05/25 17:00:59", "2009/05/25 17:03:59", "2009/05/25 17:06:00", "2009/05/25 17:07:59", "2009/05/25 17:10:59", "2009/05/25 17:13:00", "2009/05/25 17:23:00", "2009/05/25 17:26:00", "2009/05/25 17:26:59", "2009/05/25 17:28:00", "2009/05/25 17:31:00", "2009/05/25 17:32:00", "2009/05/25 17:50:00", "2009/05/25 17:52:59", "2009/05/25 18:00:00", "2009/05/25 18:36:59", "2009/05/25 18:43:59", "2009/05/25 18:51:00", "2009/05/26 03:20:00", "2009/05/26 03:24:59", "2009/05/26 03:27:00", "2009/05/26 03:27:59", "2009/05/26 03:29:00", "2009/05/26 03:40:00", "2009/05/26 03:40:59", "2009/05/26 03:42:00", "2009/05/26 03:43:00", "2009/05/26 03:43:59", "2009/05/26 03:45:00", "2009/05/26 03:46:59", "2009/05/26 03:48:00", "2009/05/26 03:49:00", "2009/05/26 03:49:59", "2009/05/26 03:51:00", "2009/05/26 03:52:00", "2009/05/26 03:53:00", "2009/05/26 03:53:59", "2009/05/26 03:55:00", "2009/05/26 03:56:59", "2009/05/26 03:58:00", "2009/05/26 03:59:00", "2009/05/26 03:59:59", "2009/05/26 04:01:00", "2009/05/26 04:02:00", "2009/05/26 04:02:59", "2009/05/26 04:04:00", "2009/05/26 04:06:59", "2009/05/26 04:12:59", "2009/05/26 04:18:59", "2009/05/26 04:21:59", "2009/05/26 04:22:59", "2009/05/26 04:27:00", "2009/05/26 04:28:59", "2009/05/26 04:31:00", "2009/05/26 04:33:00", "2009/05/26 04:37:00", "2009/05/26 04:38:00", "2009/05/26 04:41:00"]}