{"Geometry": [[-71.530588, 34.147958]], "MMSI": 235072301, "DateTime": ["2009/10/13 13:17:00"]}