{"Geometry": [[-70.030093, 38.987087]], "MMSI": 576062000, "DateTime": ["2009/03/21 15:36:00"]}