{"Geometry": [[-66.795248, 44.989137]], "MMSI": 316003014, "DateTime": ["2009/07/26 17:47:00"]}