{"Geometry": [[-70.172825, 48.89330799999999]], "MMSI": 316001633, "DateTime": ["2009/11/08 15:56:59"]}