{"Geometry": [[-70.826472, 36.78196]], "MMSI": 538001946, "DateTime": ["2009/07/15 14:48:00"]}