{"Geometry": [[-70.964133, 38.36439999999999]], "MMSI": 432649000, "DateTime": ["2009/03/21 15:33:59"]}