{"Geometry": [[-67.837783, 23.60203]], "MMSI": 309906000, "DateTime": ["2009/04/04 17:32:59"]}