{"Geometry": [[-70.435633, 40.41976700000001]], "MMSI": 311992000, "DateTime": ["2009/02/20 01:37:00"]}