{"Geometry": [[-71.881398, 39.28839199999999]], "MMSI": 538002501, "DateTime": ["2009/02/03 09:20:00"]}