{"Geometry": [[-71.99617, 41.237179999999995]], "MMSI": 366941510, "DateTime": ["2009/11/16 00:00:00"]}