{"Geometry": [[-66.482577, 44.18421000000001], [-66.482903, 44.18145200000001], [-66.484, 44.176602], [-66.130898, 43.36145300000001], [-66.128038, 43.35593299999999], [-66.125782, 43.35325700000001], [-66.123258, 43.35006999999999], [-66.122018, 43.34696500000001], [-66.11015, 43.33022700000001], [-66.108043, 43.327271999999994], [-66.106667, 43.32453699999999], [-66.10273, 43.317913000000004], [-66.099845, 43.31002799999999], [-66.098662, 43.307717], [-66.097833, 43.305229999999995], [-66.097158, 43.30279999999999], [-66.096208, 43.299530000000004], [-66.095965, 43.297098000000005], [-66.095523, 43.29464200000001], [-66.09515, 43.292113], [-66.09477, 43.289221999999995], [-66.094638, 43.286621999999994], [-66.094085, 43.283686999999986], [-66.09354, 43.280001999999996], [-66.09316, 43.27713800000001], [-66.092807, 43.274789999999996], [-66.092388, 43.27202299999999], [-66.09194, 43.2688], [-66.091652, 43.26644999999999], [-66.09135, 43.26406499999999], [-66.091037, 43.26164499999999], [-66.090797, 43.258954999999986], [-66.090395, 43.25655699999999], [-66.090203, 43.254256999999996], [-66.089948, 43.25143], [-66.089635, 43.249007000000006], [-66.08933, 43.246612999999996], [-66.089032, 43.244202], [-66.088777, 43.241941999999995], [-66.08842, 43.239675000000005], [-66.08811, 43.237303], [-66.087933, 43.234871999999996], [-66.087485, 43.232028000000014], [-66.087068, 43.229629999999986], [-66.086765, 43.22713200000001], [-66.086488, 43.224603], [-66.086167, 43.22215499999999], [-66.085953, 43.21965], [-66.085652, 43.21681699999999], [-66.085137, 43.213817000000006], [-66.084925, 43.21119300000001], [-66.084643, 43.20839000000001], [-66.08459, 43.20544699999999], [-66.084327, 43.20294200000001], [-66.084043, 43.20047199999999], [-66.083793, 43.19752], [-66.083438, 43.194706999999994], [-66.081193, 43.19261800000001], [-66.077657, 43.191846999999996], [-66.073925, 43.192125000000004], [-66.070368, 43.19234], [-66.066755, 43.193073], [-66.063137, 43.193250000000006], [-66.058667, 43.19317799999999], [-66.05496, 43.19304500000001], [-66.051222, 43.19316699999999], [-66.04754, 43.19307699999999], [-66.043888, 43.19296700000001], [-66.039657, 43.19263000000001], [-66.035897, 43.192469999999986], [-66.031668, 43.192352], [-66.027162, 43.19245000000001], [-66.023507, 43.192327000000006], [-66.019782, 43.192353], [-66.015583, 43.19242800000001], [-66.011903, 43.19233], [-66.008128, 43.19244699999999], [-66.00437, 43.192497], [-66.000705, 43.192362]], "MMSI": 316002592, "DateTime": ["2009/09/05 03:24:00", "2009/09/05 03:24:59", "2009/09/05 03:27:59", "2009/09/05 14:35:00", "2009/09/05 14:36:59", "2009/09/05 14:38:00", "2009/09/05 14:39:59", "2009/09/05 14:41:00", "2009/09/05 14:48:59", "2009/09/05 14:50:00", "2009/09/05 14:51:00", "2009/09/05 14:54:00", "2009/09/05 14:58:00", "2009/09/05 14:58:59", "2009/09/05 15:00:00", "2009/09/05 15:01:00", "2009/09/05 15:01:59", "2009/09/05 15:03:00", "2009/09/05 15:04:00", "2009/09/05 15:04:59", "2009/09/05 15:06:00", "2009/09/05 15:07:00", "2009/09/05 15:08:00", "2009/09/05 15:10:00", "2009/09/05 15:11:00", "2009/09/05 15:11:59", "2009/09/05 15:13:00", "2009/09/05 15:14:00", "2009/09/05 15:14:59", "2009/09/05 15:16:00", "2009/09/05 15:17:00", "2009/09/05 15:19:00", "2009/09/05 15:20:00", "2009/09/05 15:20:59", "2009/09/05 15:21:59", "2009/09/05 15:23:00", "2009/09/05 15:24:00", "2009/09/05 15:24:59", "2009/09/05 15:26:00", "2009/09/05 15:27:00", "2009/09/05 15:27:59", "2009/09/05 15:29:00", "2009/09/05 15:30:00", "2009/09/05 15:30:59", "2009/09/05 15:32:00", "2009/09/05 15:33:00", "2009/09/05 15:33:59", "2009/09/05 15:35:00", "2009/09/05 15:36:00", "2009/09/05 15:36:59", "2009/09/05 15:37:59", "2009/09/05 15:39:00", "2009/09/05 15:40:59", "2009/09/05 15:42:00", "2009/09/05 15:43:00", "2009/09/05 15:43:59", "2009/09/05 15:45:00", "2009/09/05 15:46:00", "2009/09/05 15:46:59", "2009/09/05 15:48:00", "2009/09/05 15:49:00", "2009/09/05 15:49:59", "2009/09/05 15:51:00", "2009/09/05 15:52:00", "2009/09/05 15:53:00", "2009/09/05 15:53:59", "2009/09/05 15:55:00", "2009/09/05 15:56:00", "2009/09/05 15:58:00", "2009/09/05 15:59:00", "2009/09/05 15:59:59", "2009/09/05 16:01:00", "2009/09/05 16:02:00", "2009/09/05 16:02:59", "2009/09/05 16:04:00", "2009/09/05 16:05:00", "2009/09/05 16:05:59", "2009/09/05 16:06:59", "2009/09/05 16:08:00"]}