{"Geometry": [[-66.781673, 44.860657], [-66.469217, 44.85083], [-66.500075, 44.55140800000001], [-66.495672, 44.54700700000001], [-66.494577, 44.54574199999999], [-66.493822, 44.544478], [-66.493127, 44.54319799999999], [-66.492433, 44.541852000000006], [-66.491895, 44.540847000000014], [-66.490977, 44.53967299999999], [-66.489952, 44.53869499999999], [-66.489003, 44.537532], [-66.488387, 44.536552], [-66.48722, 44.535267000000005], [-66.486177, 44.53432699999999], [-66.485177, 44.53305499999999], [-66.484597, 44.532082], [-66.483773, 44.53092699999999], [-66.482742, 44.529753], [-66.482017, 44.52875], [-66.481488, 44.52776], [-66.480823, 44.526602999999994], [-66.480183, 44.525608000000005], [-66.479582, 44.52463], [-66.478552, 44.523548000000005], [-66.477247, 44.522538], [-66.47632, 44.521649999999994], [-66.475597, 44.520737999999994], [-66.474745, 44.519566999999995], [-66.47421, 44.51870199999999], [-66.47374, 44.51784699999999], [-66.473153, 44.51686799999999], [-66.472565, 44.51608300000001], [-66.471925, 44.515356999999995], [-66.471272, 44.51466500000001], [-66.470522, 44.513892], [-66.637008, 44.10489999999999], [-66.634665, 44.104592999999994], [-66.63318, 44.10389699999999], [-66.633108, 44.10341], [-66.633395, 44.103350000000006], [-66.634587, 44.105103000000014], [-66.63478, 44.105188], [-66.634748, 44.105275000000006], [-66.634637, 44.105142], [-66.634083, 44.10590300000001], [-66.633897, 44.106357], [-66.633762, 44.106753], [-66.633575, 44.10736299999999], [-66.632928, 44.107721999999995], [-66.632293, 44.107834999999994], [-66.63187, 44.10781499999999], [-66.631913, 44.107822999999996], [-66.632472, 44.107642999999996], [-66.633728, 44.107046999999994], [-66.635473, 44.106267], [-66.63874, 44.10530700000001], [-66.639743, 44.10509300000001], [-66.64019, 44.10505699999999], [-66.640372, 44.104938000000004], [-66.640268, 44.10454300000001], [-66.639352, 44.10404700000001], [-66.638322, 44.10483500000001], [-66.637807, 44.104870000000005], [-66.632543, 44.108704999999986], [-66.632523, 44.10894200000001], [-66.632637, 44.10907], [-66.633197, 44.108485], [-66.63407, 44.10720699999999], [-66.635043, 44.10560000000001], [-66.636835, 44.10454999999999], [-66.615938, 44.210057000000006], [-66.615582, 44.21034800000001], [-66.615263, 44.210792], [-66.608818, 44.21522200000001], [-66.62216, 44.20301699999999], [-66.61943, 44.196237999999994], [-66.619242, 44.196146999999996], [-66.618657, 44.19607199999999]], "MMSI": 316024000, "DateTime": ["2009/09/03 23:32:00", "2009/09/04 02:23:59", "2009/09/04 23:48:00", "2009/09/04 23:52:59", "2009/09/04 23:54:00", "2009/09/04 23:55:59", "2009/09/04 23:57:00", "2009/09/04 23:58:00", "2009/09/04 23:58:59", "2009/09/05 00:00:00", "2009/09/05 00:01:00", "2009/09/05 00:03:00", "2009/09/05 00:04:00", "2009/09/05 00:04:59", "2009/09/05 00:06:00", "2009/09/05 00:07:00", "2009/09/05 00:08:00", "2009/09/05 00:08:59", "2009/09/05 00:11:00", "2009/09/05 00:11:59", "2009/09/05 00:13:00", "2009/09/05 00:14:00", "2009/09/05 00:14:59", "2009/09/05 00:16:00", "2009/09/05 00:17:00", "2009/09/05 00:17:59", "2009/09/05 00:19:00", "2009/09/05 00:20:00", "2009/09/05 00:20:59", "2009/09/05 00:21:59", "2009/09/05 00:23:00", "2009/09/05 00:24:59", "2009/09/05 00:26:00", "2009/09/05 00:27:00", "2009/09/05 00:27:59", "2009/09/05 00:29:00", "2009/09/05 12:46:59", "2009/09/05 12:48:00", "2009/09/05 12:49:59", "2009/09/05 12:51:00", "2009/09/05 12:52:00", "2009/09/05 12:59:00", "2009/09/05 12:59:59", "2009/09/05 13:01:00", "2009/09/05 13:02:00", "2009/09/05 13:04:00", "2009/09/05 13:05:00", "2009/09/05 13:05:59", "2009/09/05 13:08:00", "2009/09/05 13:09:00", "2009/09/05 13:09:59", "2009/09/05 13:11:00", "2009/09/05 13:12:00", "2009/09/05 13:12:59", "2009/09/05 13:14:00", "2009/09/05 13:15:00", "2009/09/05 13:17:00", "2009/09/05 13:18:00", "2009/09/05 13:18:59", "2009/09/05 13:20:00", "2009/09/05 13:21:00", "2009/09/05 13:22:59", "2009/09/05 13:25:59", "2009/09/05 13:27:00", "2009/09/05 13:53:00", "2009/09/05 13:54:00", "2009/09/05 13:54:59", "2009/09/05 13:57:00", "2009/09/05 13:57:59", "2009/09/05 13:59:00", "2009/09/05 14:03:00", "2009/09/05 15:14:00", "2009/09/05 15:14:59", "2009/09/05 15:16:00", "2009/09/05 15:43:00", "2009/09/05 15:59:00", "2009/09/05 16:05:00", "2009/09/05 16:05:59", "2009/09/05 16:09:00"]}