{"Geometry": [[-69.366887, 11.831033000000005]], "MMSI": 775062000, "DateTime": ["2009/12/30 14:39:00"]}