{"Geometry": [[-71.019183, 39.03229999999999]], "MMSI": 209239000, "DateTime": ["2009/02/18 01:59:00"]}