{"Geometry": [[-67.789685, 28.676045000000002]], "MMSI": 258971000, "DateTime": ["2009/10/23 13:25:00"]}