{"Geometry": [[-71.614683, -33.03692]], "MMSI": 725019006, "DateTime": ["2009/12/29 13:54:59"]}