{"Geometry": [[-66.579922, 53.84602799999999]], "MMSI": 366587000, "DateTime": ["2009/06/04 01:50:59"]}