{"Geometry": [[-70.235255, 38.596881999999994]], "MMSI": 548628000, "DateTime": ["2009/02/06 19:54:00"]}