{"Geometry": [[-71.853883, 37.575317]], "MMSI": 218023000, "DateTime": ["2009/11/22 16:20:00"]}