{"Geometry": [[-71.44388, 40.529863000000006], [-71.464805, 40.52946], [-71.49181, 40.52896000000001], [-71.500015, 40.52879200000001], [-71.505777, 40.528682], [-71.514898, 40.52845300000001], [-71.521393, 40.52829700000001], [-71.52722, 40.528178], [-71.535937, 40.52802], [-71.543385, 40.52787699999999], [-71.54987, 40.52773500000001], [-71.555645, 40.52765500000001], [-71.561392, 40.527551999999986], [-71.575533, 40.527379999999994], [-71.581832, 40.52726799999999], [-71.596763, 40.52691200000001], [-71.599978, 40.52681799999999], [-71.605488, 40.52661499999999], [-71.611007, 40.526488], [-71.61652, 40.52625699999999], [-71.622025, 40.525986999999986], [-71.62752, 40.525757], [-71.63302, 40.525544999999994], [-71.638563, 40.525397], [-71.644105, 40.52525800000001], [-71.649627, 40.52510699999999], [-71.65516, 40.524981999999994], [-71.660793, 40.52488199999999], [-71.666308, 40.524777], [-71.671793, 40.52463], [-71.677273, 40.52451199999999], [-71.682772, 40.52440999999999], [-71.688262, 40.52430000000001], [-71.693717, 40.524215], [-71.699183, 40.52405300000001], [-71.704592, 40.523908000000006], [-71.710157, 40.52376799999999], [-71.715528, 40.523618], [-71.720987, 40.523480000000006], [-71.726415, 40.52332799999999], [-71.731938, 40.523178], [-71.737243, 40.523032], [-71.742617, 40.52284800000001], [-71.753995, 40.52247800000001], [-71.765923, 40.52219199999999], [-71.771342, 40.522070000000014], [-71.780633, 40.52226999999999], [-71.786123, 40.522482999999994], [-71.793803, 40.523008000000004], [-71.79883, 40.52338800000001], [-71.804723, 40.523953000000006], [-71.810132, 40.52444199999999], [-71.815557, 40.52490700000001], [-71.821013, 40.52537000000001], [-71.826497, 40.525847], [-71.832008, 40.52634499999999], [-71.837408, 40.52679699999999], [-71.843015, 40.527243], [-71.84856, 40.527647], [-71.8541, 40.528043], [-71.859682, 40.52841699999999], [-71.865292, 40.528807], [-71.870867, 40.52903699999999], [-71.876385, 40.529038000000014], [-71.881933, 40.529008000000005], [-71.892032, 40.52894699999999], [-71.894265, 40.52893800000001], [-71.899865, 40.528921999999994], [-71.905945, 40.52887999999999], [-71.911548, 40.52884499999999], [-71.918297, 40.528797], [-71.931367, 40.528705], [-71.937012, 40.52864299999999], [-71.943138, 40.52856800000001], [-71.94881, 40.52852300000001], [-71.957893, 40.528471999999994], [-71.966428, 40.528459999999995], [-71.994378, 40.528628], [-71.999425, 40.528684999999996]], "MMSI": 367318000, "DateTime": ["2009/01/07 13:24:00", "2009/01/07 13:28:00", "2009/01/07 13:33:00", "2009/01/07 13:34:00", "2009/01/07 13:34:59", "2009/01/07 13:37:00", "2009/01/07 13:38:00", "2009/01/07 13:38:59", "2009/01/07 13:40:00", "2009/01/07 13:41:59", "2009/01/07 13:43:00", "2009/01/07 13:44:00", "2009/01/07 13:44:59", "2009/01/07 13:47:00", "2009/01/07 13:47:59", "2009/01/07 13:50:00", "2009/01/07 13:51:59", "2009/01/07 13:53:00", "2009/01/07 13:54:00", "2009/01/07 13:54:59", "2009/01/07 13:56:00", "2009/01/07 13:57:00", "2009/01/07 13:57:59", "2009/01/07 13:59:00", "2009/01/07 14:00:00", "2009/01/07 14:00:59", "2009/01/07 14:02:00", "2009/01/07 14:03:00", "2009/01/07 14:03:59", "2009/01/07 14:05:00", "2009/01/07 14:06:00", "2009/01/07 14:06:59", "2009/01/07 14:07:59", "2009/01/07 14:09:00", "2009/01/07 14:10:00", "2009/01/07 14:10:59", "2009/01/07 14:12:00", "2009/01/07 14:13:00", "2009/01/07 14:13:59", "2009/01/07 14:15:00", "2009/01/07 14:16:00", "2009/01/07 14:16:59", "2009/01/07 14:18:00", "2009/01/07 14:19:00", "2009/01/07 14:22:00", "2009/01/07 14:23:00", "2009/01/07 14:23:59", "2009/01/07 14:26:00", "2009/01/07 14:26:59", "2009/01/07 14:28:00", "2009/01/07 14:29:00", "2009/01/07 14:29:59", "2009/01/07 14:31:00", "2009/01/07 14:32:00", "2009/01/07 14:32:59", "2009/01/07 14:34:00", "2009/01/07 14:35:00", "2009/01/07 14:35:59", "2009/01/07 14:36:59", "2009/01/07 14:38:00", "2009/01/07 14:39:00", "2009/01/07 14:39:59", "2009/01/07 14:41:00", "2009/01/07 14:42:00", "2009/01/07 14:42:59", "2009/01/07 14:44:00", "2009/01/07 14:45:00", "2009/01/07 14:45:59", "2009/01/07 14:47:00", "2009/01/07 14:48:00", "2009/01/07 14:48:59", "2009/01/07 14:51:59", "2009/01/07 14:52:59", "2009/01/07 14:54:00", "2009/01/07 14:55:00", "2009/01/07 14:55:59", "2009/01/07 14:58:00", "2009/01/07 15:01:59", "2009/01/07 15:04:00"]}