{"Geometry": [[-71.80085, 32.262983000000006]], "MMSI": 244178000, "DateTime": ["2009/05/04 20:26:59"]}