{"Geometry": [[-71.949583, 38.91439299999999]], "MMSI": 309168000, "DateTime": ["2009/11/11 08:55:59"]}