{"Geometry": [[-66.675183, 17.167967000000004]], "MMSI": 352134000, "DateTime": ["2009/05/01 16:31:00"]}