{"Geometry": [[-71.285593, 27.734471999999997]], "MMSI": 351599000, "DateTime": ["2009/01/09 12:52:00"]}