{"Geometry": [[-69.134207, 27.837216999999995]], "MMSI": 563098000, "DateTime": ["2009/12/18 20:55:59"]}