{"Geometry": [[-66.000468, 18.508615000000006], [-66.00518, 18.509083000000004], [-66.009475, 18.509411999999998], [-66.01376, 18.509828], [-66.018523, 18.510227], [-66.023208, 18.510695], [-66.027537, 18.511129999999994], [-66.032318, 18.511572], [-66.037615, 18.512020000000007], [-66.042748, 18.51254], [-66.047165, 18.512845], [-66.051443, 18.513310000000004], [-66.055867, 18.513723], [-66.059947, 18.514094999999998], [-66.063675, 18.514418000000006], [-66.067108, 18.514776999999995], [-66.0706, 18.515072000000004], [-66.074153, 18.515427000000003], [-66.077163, 18.515699999999995], [-66.079873, 18.515952], [-66.08237, 18.516085000000004], [-66.084378, 18.516192000000004], [-66.086053, 18.516383000000005], [-66.087473, 18.516397999999995], [-66.088463, 18.516206999999994], [-66.089333, 18.515803000000005], [-66.089883, 18.515398000000005], [-66.090322, 18.514927999999998], [-66.090608, 18.514673000000002], [-66.090873, 18.514477], [-66.091152, 18.514342], [-66.091465, 18.514227000000005], [-66.0918, 18.514129999999994], [-66.092135, 18.514027999999996], [-66.09252, 18.513945000000007], [-66.092887, 18.513892999999996], [-66.093295, 18.513838000000007], [-66.093758, 18.513818], [-66.094207, 18.514318000000003], [-66.094333, 18.515178000000006], [-66.09443, 18.515893000000005], [-66.094563, 18.516469999999998], [-66.094665, 18.516847], [-66.094803, 18.517120000000006], [-66.09496, 18.517323000000005], [-66.09514, 18.517448], [-66.095368, 18.517533], [-66.095608, 18.5176], [-66.095885, 18.517669999999995], [-66.096202, 18.517719999999997], [-66.096463, 18.517773000000005], [-66.096775, 18.517840000000007], [-66.097063, 18.517870000000002], [-66.097398, 18.517922999999996], [-66.09772, 18.517948000000004], [-66.098045, 18.517992000000007], [-66.098418, 18.518045], [-66.098837, 18.518091999999996], [-66.099188, 18.518137999999993], [-66.099653, 18.518202000000002], [-66.100043, 18.518243], [-66.100415, 18.518293], [-66.100742, 18.518339999999995], [-66.101107, 18.518384999999995], [-66.101483, 18.518406999999996], [-66.101863, 18.518437000000006], [-66.102183, 18.518468], [-66.10256, 18.51849], [-66.102863, 18.518524999999997], [-66.103208, 18.518568000000002], [-66.103543, 18.518583000000007], [-66.103878, 18.518617000000006], [-66.10423, 18.518642], [-66.104535, 18.518666999999994], [-66.104902, 18.518711999999994], [-66.10526, 18.518730000000005], [-66.105582, 18.518789999999996], [-66.105905, 18.518832000000003]], "MMSI": 377912000, "DateTime": ["2009/04/09 22:38:00", "2009/04/09 22:38:59", "2009/04/09 22:40:00", "2009/04/09 22:41:00", "2009/04/09 22:41:59", "2009/04/09 22:43:00", "2009/04/09 22:44:00", "2009/04/09 22:44:59", "2009/04/09 22:46:00", "2009/04/09 22:47:59", "2009/04/09 22:49:00", "2009/04/09 22:50:00", "2009/04/09 22:50:59", "2009/04/09 22:51:59", "2009/04/09 22:53:00", "2009/04/09 22:54:00", "2009/04/09 22:54:59", "2009/04/09 22:56:00", "2009/04/09 22:57:00", "2009/04/09 22:57:59", "2009/04/09 22:59:00", "2009/04/09 23:00:00", "2009/04/09 23:00:59", "2009/04/09 23:02:00", "2009/04/09 23:03:00", "2009/04/09 23:05:00", "2009/04/09 23:06:00", "2009/04/09 23:06:59", "2009/04/09 23:07:59", "2009/04/09 23:09:00", "2009/04/09 23:10:00", "2009/04/09 23:10:59", "2009/04/09 23:12:00", "2009/04/09 23:13:00", "2009/04/09 23:13:59", "2009/04/09 23:15:00", "2009/04/09 23:16:00", "2009/04/09 23:16:59", "2009/04/09 23:18:00", "2009/04/09 23:19:00", "2009/04/09 23:19:59", "2009/04/09 23:21:00", "2009/04/09 23:22:00", "2009/04/09 23:23:00", "2009/04/09 23:23:59", "2009/04/09 23:25:00", "2009/04/09 23:26:00", "2009/04/09 23:26:59", "2009/04/09 23:28:00", "2009/04/09 23:29:00", "2009/04/09 23:29:59", "2009/04/09 23:31:00", "2009/04/09 23:32:00", "2009/04/09 23:32:59", "2009/04/09 23:34:00", "2009/04/09 23:35:00", "2009/04/09 23:36:59", "2009/04/09 23:38:00", "2009/04/09 23:39:00", "2009/04/09 23:39:59", "2009/04/09 23:41:00", "2009/04/09 23:42:00", "2009/04/09 23:42:59", "2009/04/09 23:44:00", "2009/04/09 23:45:00", "2009/04/09 23:45:59", "2009/04/09 23:47:00", "2009/04/09 23:48:59", "2009/04/09 23:50:00", "2009/04/09 23:51:00", "2009/04/09 23:51:59", "2009/04/09 23:52:59", "2009/04/09 23:54:00", "2009/04/09 23:55:00", "2009/04/09 23:55:59", "2009/04/09 23:57:00", "2009/04/09 23:58:00", "2009/04/09 23:58:59"]}