{"Geometry": [[-71.207833, 26.565332999999995]], "MMSI": 636091196, "DateTime": ["2009/04/05 23:45:59"]}