{"Geometry": [[-70.921333, 39.19399999999999]], "MMSI": 636091196, "DateTime": ["2009/01/25 00:59:00"]}