{"Geometry": [[-70.181873, 39.094122999999996]], "MMSI": 376555000, "DateTime": ["2009/01/22 05:13:00"]}