{"Geometry": [[-67.148383, 18.984250000000003], [-66.93985, 18.925250000000005], [-66.609717, 18.828083000000007], [-66.561933, 18.813000000000002], [-66.544017, 18.808017000000007], [-66.530083, 18.804100000000005], [-66.52495, 18.802616999999998], [-66.512633, 18.799032999999994], [-66.505633, 18.796867000000006], [-66.501283, 18.795450000000002], [-66.494217, 18.793149999999997], [-66.489217, 18.791533], [-66.484167, 18.789883000000003], [-66.475917, 18.7872], [-66.4663, 18.784166999999997], [-66.4625, 18.783017], [-66.456, 18.781099999999995], [-66.4331, 18.774083000000005], [-66.426183, 18.771983000000006], [-66.421267, 18.7705], [-66.417083, 18.76925], [-66.410433, 18.767250000000004], [-66.405917, 18.765883000000002], [-66.370867, 18.755233000000004], [-66.267283, 18.721933000000007], [-66.2615, 18.719832999999994], [-66.245033, 18.713800000000006], [-66.239983, 18.711933000000002], [-66.237667, 18.711067], [-66.232617, 18.709216999999995], [-66.228033, 18.707549999999998], [-66.2211, 18.705], [-66.216667, 18.703367], [-66.211633, 18.701532999999998], [-66.208067, 18.700266999999997], [-66.203483, 18.698633], [-66.198433, 18.696816999999996], [-66.19375, 18.695149999999998], [-66.187717, 18.692949999999996], [-66.184183, 18.691649999999996], [-66.180367, 18.690267000000006], [-66.1749, 18.688283], [-66.170167, 18.686549999999997], [-66.165083, 18.684917], [-66.160383, 18.683400000000006], [-66.15685, 18.682333], [-66.1521, 18.680850000000007], [-66.148067, 18.679599999999994], [-66.141, 18.677367000000004], [-66.136733, 18.676000000000002], [-66.134467, 18.675299999999993], [-66.128267, 18.673316999999997], [-66.124767, 18.672200000000004], [-66.119633, 18.670582999999993], [-66.113133, 18.668532999999996], [-66.1081, 18.666933], [-66.10145, 18.66485], [-66.097233, 18.663600000000002], [-66.093317, 18.662417000000005], [-66.090283, 18.661517000000003], [-66.0852, 18.659899999999993], [-66.080417, 18.658383], [-66.075617, 18.656882999999993], [-66.071567, 18.655833], [-66.0654, 18.654233000000005], [-66.059733, 18.652783], [-66.055617, 18.651732999999993], [-66.053983, 18.651349999999994], [-66.04945, 18.650199999999998], [-66.045067, 18.649017], [-66.03975, 18.6477], [-66.034867, 18.646433000000002], [-66.028733, 18.644867000000005], [-66.025033, 18.643900000000002], [-66.02095, 18.642832999999996], [-66.0173, 18.641917000000007], [-66.012867, 18.640682999999996], [-66.008017, 18.639332999999993], [-66.002817, 18.637833]], "MMSI": 244372000, "DateTime": ["2009/01/20 03:39:00", "2009/01/20 04:31:59", "2009/01/20 06:00:00", "2009/01/20 06:11:59", "2009/01/20 06:17:00", "2009/01/20 06:20:59", "2009/01/20 06:23:00", "2009/01/20 06:24:59", "2009/01/20 06:27:00", "2009/01/20 06:27:59", "2009/01/20 06:30:59", "2009/01/20 06:32:00", "2009/01/20 06:33:00", "2009/01/20 06:35:00", "2009/01/20 06:37:59", "2009/01/20 06:39:00", "2009/01/20 06:40:59", "2009/01/20 06:46:00", "2009/01/20 06:48:00", "2009/01/20 06:49:00", "2009/01/20 06:49:59", "2009/01/20 06:52:00", "2009/01/20 06:53:59", "2009/01/20 07:02:00", "2009/01/20 07:28:59", "2009/01/20 07:30:00", "2009/01/20 07:34:00", "2009/01/20 07:36:00", "2009/01/20 07:37:00", "2009/01/20 07:38:00", "2009/01/20 07:38:59", "2009/01/20 07:41:00", "2009/01/20 07:41:59", "2009/01/20 07:43:00", "2009/01/20 07:44:00", "2009/01/20 07:46:00", "2009/01/20 07:47:00", "2009/01/20 07:47:59", "2009/01/20 07:49:00", "2009/01/20 07:50:00", "2009/01/20 07:50:59", "2009/01/20 07:53:00", "2009/01/20 07:54:00", "2009/01/20 07:54:59", "2009/01/20 07:56:00", "2009/01/20 07:57:59", "2009/01/20 07:59:00", "2009/01/20 08:00:00", "2009/01/20 08:00:59", "2009/01/20 08:02:00", "2009/01/20 08:03:00", "2009/01/20 08:03:59", "2009/01/20 08:06:00", "2009/01/20 08:06:59", "2009/01/20 08:09:00", "2009/01/20 08:10:00", "2009/01/20 08:10:59", "2009/01/20 08:12:00", "2009/01/20 08:13:00", "2009/01/20 08:15:00", "2009/01/20 08:16:00", "2009/01/20 08:16:59", "2009/01/20 08:18:00", "2009/01/20 08:19:00", "2009/01/20 08:19:59", "2009/01/20 08:22:00", "2009/01/20 08:23:00", "2009/01/20 08:23:59", "2009/01/20 08:25:00", "2009/01/20 08:26:00", "2009/01/20 08:26:59", "2009/01/20 08:28:00", "2009/01/20 08:29:00", "2009/01/20 08:29:59", "2009/01/20 08:31:00", "2009/01/20 08:32:59", "2009/01/20 08:34:00", "2009/01/20 08:35:00", "2009/01/20 08:35:59"]}