{"Geometry": [[-69.826333, 39.86533299999999], [-69.821833, 39.86750000000001], [-69.816667, 39.87016700000001], [-69.812333, 39.8725], [-69.808, 39.874832999999995], [-69.8015, 39.87816699999999], [-69.797333, 39.88050000000001], [-69.791667, 39.88333299999999], [-69.782333, 39.88833299999999], [-69.778167, 39.8905], [-69.773833, 39.892832999999996], [-69.769167, 39.8955], [-69.764, 39.898167], [-69.756667, 39.90216699999999], [-69.7525, 39.90466699999999], [-69.738167, 39.912499999999994], [-69.733833, 39.91466700000001], [-69.7295, 39.917], [-69.725167, 39.919332999999995], [-69.721, 39.921667000000014], [-69.716833, 39.92416700000001], [-69.711667, 39.92699999999999], [-69.700333, 39.93350000000001], [-69.683167, 39.94300000000001], [-69.677167, 39.946499999999986], [-69.672833, 39.94883300000001], [-69.663333, 39.95433299999999], [-69.661333, 39.9555], [-69.6565, 39.958167], [-69.652, 39.960667], [-69.647667, 39.962999999999994], [-69.632333, 39.97133299999999], [-69.627667, 39.9735], [-69.622333, 39.97566699999999], [-69.6175, 39.977667], [-69.612, 39.979667000000006], [-69.578667, 39.99083300000001], [-69.573667, 39.99266700000001], [-69.566333, 39.99633299999999], [-69.554667, 40.0025], [-69.550167, 40.004999999999995], [-69.545167, 40.007667], [-69.540167, 40.010333], [-69.502333, 40.03033300000001], [-69.48, 40.042167000000006], [-69.469667, 40.047500000000014], [-69.357667, 40.104667000000006], [-69.312167, 40.12733299999999], [-69.307333, 40.12966700000001], [-69.281667, 40.141999999999996], [-69.191, 40.18983299999999], [-69.1805, 40.19550000000001], [-69.166167, 40.203], [-69.161333, 40.2055], [-69.139, 40.217332999999996], [-69.122667, 40.225832999999994], [-69.118, 40.22833299999999], [-69.112833, 40.231167], [-69.108, 40.23349999999999], [-69.103333, 40.23599999999999], [-69.098, 40.238833], [-69.036, 40.272166999999996], [-69.025333, 40.278166999999996], [-69.018667, 40.281499999999994], [-69.013167, 40.28399999999999], [-68.9995, 40.29083299999999], [-68.989833, 40.29566700000001], [-68.985, 40.29816700000001], [-68.952667, 40.31399999999999], [-68.8905, 40.34116700000001], [-68.8725, 40.34883300000001], [-68.867333, 40.351], [-68.861167, 40.353667], [-68.8555, 40.355999999999995], [-68.850333, 40.35816700000001], [-68.835, 40.364667], [-68.829833, 40.366833000000014], [-68.824167, 40.369167000000004], [-68.819167, 40.37133299999999], [-68.812, 40.37433300000001], [-68.806833, 40.376667], [-68.775833, 40.38933299999999]], "MMSI": 368346000, "DateTime": ["2009/03/11 00:00:00", "2009/03/11 00:01:00", "2009/03/11 00:03:00", "2009/03/11 00:04:00", "2009/03/11 00:04:59", "2009/03/11 00:06:00", "2009/03/11 00:07:00", "2009/03/11 00:08:00", "2009/03/11 00:11:00", "2009/03/11 00:11:59", "2009/03/11 00:13:00", "2009/03/11 00:14:00", "2009/03/11 00:14:59", "2009/03/11 00:17:00", "2009/03/11 00:17:59", "2009/03/11 00:20:59", "2009/03/11 00:21:59", "2009/03/11 00:23:00", "2009/03/11 00:24:00", "2009/03/11 00:24:59", "2009/03/11 00:26:00", "2009/03/11 00:27:00", "2009/03/11 00:30:00", "2009/03/11 00:33:59", "2009/03/11 00:35:00", "2009/03/11 00:36:00", "2009/03/11 00:37:59", "2009/03/11 00:39:00", "2009/03/11 00:40:00", "2009/03/11 00:40:59", "2009/03/11 00:42:00", "2009/03/11 00:45:00", "2009/03/11 00:46:00", "2009/03/11 00:48:00", "2009/03/11 00:49:00", "2009/03/11 00:49:59", "2009/03/11 00:56:00", "2009/03/11 00:56:59", "2009/03/11 00:59:00", "2009/03/11 01:02:00", "2009/03/11 01:02:59", "2009/03/11 01:04:00", "2009/03/11 01:05:00", "2009/03/11 01:12:59", "2009/03/11 01:18:00", "2009/03/11 01:20:00", "2009/03/11 01:44:00", "2009/03/11 01:54:00", "2009/03/11 01:54:59", "2009/03/11 02:00:00", "2009/03/11 02:19:00", "2009/03/11 02:21:00", "2009/03/11 02:23:59", "2009/03/11 02:25:00", "2009/03/11 02:29:59", "2009/03/11 02:32:59", "2009/03/11 02:34:00", "2009/03/11 02:35:00", "2009/03/11 02:35:59", "2009/03/11 02:36:59", "2009/03/11 02:39:00", "2009/03/11 02:51:59", "2009/03/11 02:54:00", "2009/03/11 02:55:00", "2009/03/11 02:57:00", "2009/03/11 02:58:59", "2009/03/11 03:01:00", "2009/03/11 03:01:59", "2009/03/11 03:08:59", "2009/03/11 03:20:59", "2009/03/11 03:24:59", "2009/03/11 03:26:00", "2009/03/11 03:27:00", "2009/03/11 03:27:59", "2009/03/11 03:29:00", "2009/03/11 03:32:00", "2009/03/11 03:33:00", "2009/03/11 03:33:59", "2009/03/11 03:35:00", "2009/03/11 03:36:00", "2009/03/11 03:37:59", "2009/03/11 03:43:59"]}