{"Geometry": [[-67.167873, 15.934657999999999]], "MMSI": 565477000, "DateTime": ["2009/09/05 10:24:00"]}