{"Geometry": [[-68.479395, 24.467715]], "MMSI": 371154000, "DateTime": ["2009/12/14 22:54:00"]}