{"Geometry": [[-66.226737, 19.503102999999996]], "MMSI": 371154000, "DateTime": ["2009/11/13 02:51:59"]}