{"Geometry": [[-71.622533, 36.54285]], "MMSI": 237940000, "DateTime": ["2009/08/30 05:19:00"]}