{"Geometry": [[-71.80405, 34.717783]], "MMSI": 339300490, "DateTime": ["2009/11/07 01:38:59"]}