{"Geometry": [[-71.141392, 25.851709999999997]], "MMSI": 366766920, "DateTime": ["2009/04/27 10:15:00"]}