{"Geometry": [[-66.880067, 17.141467000000006]], "MMSI": 377933000, "DateTime": ["2009/07/22 16:49:00"]}