{"Geometry": [[-66.23041, 19.067863000000003], [-66.271805, 19.054663000000005], [-66.289817, 19.048845], [-66.29868, 19.046026999999995], [-66.304257, 19.044222000000005], [-66.309415, 19.042608], [-66.315105, 19.040878000000006], [-66.322857, 19.038539999999998], [-66.329037, 19.036689999999993], [-66.336328, 19.034459999999996], [-66.344562, 19.031976999999998], [-66.350223, 19.030226999999996], [-66.355388, 19.028648000000004], [-66.360547, 19.027088000000006], [-66.365698, 19.025518000000005], [-66.370842, 19.023927], [-66.375982, 19.022346999999996], [-66.382648, 19.020272000000006], [-66.388823, 19.018394999999998], [-66.396072, 19.016222999999997], [-66.404882, 19.013485000000003], [-66.411148, 19.011555], [-66.419433, 19.009005000000002], [-66.424615, 19.007391999999996], [-66.432352, 19.004966999999994], [-66.438542, 19.003082000000006], [-66.444223, 19.001338000000004], [-66.449925, 18.999589999999998], [-66.455615, 18.997829999999993], [-66.46078, 18.996245000000002], [-66.467943, 18.99404], [-66.473053, 18.99248], [-66.47867, 18.990763], [-66.483888, 18.989208000000005], [-66.490492, 18.987202999999994], [-66.496157, 18.985457999999994], [-66.501827, 18.983762], [-66.506977, 18.982191999999998], [-66.517287, 18.979122000000004], [-66.523418, 18.977253000000005], [-66.528602, 18.975705000000005], [-66.542172, 18.971558], [-66.548285, 18.969683000000003], [-66.556467, 18.967096999999995], [-66.561638, 18.965423], [-66.575993, 18.960790000000003], [-66.582228, 18.958759999999998], [-66.58835, 18.956773], [-66.596475, 18.954025], [-66.904163, 18.861656999999994], [-66.916167, 18.857833], [-66.935653, 18.851861999999997], [-66.941492, 18.850129999999993], [-66.951527, 18.847207999999995], [-67.023223, 18.820137000000003], [-67.233077, 18.701013000000003], [-67.238668, 18.697772999999998], [-67.243197, 18.695097000000004], [-67.248203, 18.692156999999995], [-67.252733, 18.689463000000003], [-67.257792, 18.686477999999994], [-67.263167, 18.683324999999996], [-67.268137, 18.680386999999996], [-67.272653, 18.6777], [-67.278107, 18.674463000000003], [-67.282652, 18.671736999999993], [-67.28815, 18.668502000000004], [-67.293245, 18.665495000000007], [-67.30786, 18.656980000000004], [-67.352668, 18.631552], [-67.357178, 18.628964999999994], [-67.362523, 18.625938000000005], [-67.367022, 18.623373], [-67.372082, 18.620492999999996], [-67.38067, 18.615646999999996], [-67.38713, 18.612013000000005]], "MMSI": 311664000, "DateTime": ["2009/08/19 07:21:00", "2009/08/19 07:28:59", "2009/08/19 07:31:59", "2009/08/19 07:34:00", "2009/08/19 07:34:59", "2009/08/19 07:36:00", "2009/08/19 07:37:00", "2009/08/19 07:38:59", "2009/08/19 07:40:00", "2009/08/19 07:41:00", "2009/08/19 07:43:00", "2009/08/19 07:44:00", "2009/08/19 07:44:59", "2009/08/19 07:46:00", "2009/08/19 07:47:00", "2009/08/19 07:47:59", "2009/08/19 07:49:00", "2009/08/19 07:50:00", "2009/08/19 07:50:59", "2009/08/19 07:53:00", "2009/08/19 07:54:00", "2009/08/19 07:56:00", "2009/08/19 07:57:00", "2009/08/19 07:57:59", "2009/08/19 08:00:00", "2009/08/19 08:00:59", "2009/08/19 08:02:00", "2009/08/19 08:03:00", "2009/08/19 08:03:59", "2009/08/19 08:05:00", "2009/08/19 08:06:59", "2009/08/19 08:07:59", "2009/08/19 08:09:00", "2009/08/19 08:10:00", "2009/08/19 08:10:59", "2009/08/19 08:12:00", "2009/08/19 08:13:00", "2009/08/19 08:13:59", "2009/08/19 08:16:00", "2009/08/19 08:16:59", "2009/08/19 08:18:00", "2009/08/19 08:21:00", "2009/08/19 08:22:00", "2009/08/19 08:23:59", "2009/08/19 08:25:00", "2009/08/19 08:28:00", "2009/08/19 08:29:00", "2009/08/19 08:29:59", "2009/08/19 08:32:00", "2009/08/19 09:30:59", "2009/08/19 09:33:00", "2009/08/19 09:36:59", "2009/08/19 09:37:59", "2009/08/19 09:40:00", "2009/08/19 09:53:59", "2009/08/19 10:38:00", "2009/08/19 10:40:00", "2009/08/19 10:41:00", "2009/08/19 10:41:59", "2009/08/19 10:43:00", "2009/08/19 10:44:00", "2009/08/19 10:44:59", "2009/08/19 10:46:00", "2009/08/19 10:47:00", "2009/08/19 10:47:59", "2009/08/19 10:49:00", "2009/08/19 10:50:59", "2009/08/19 10:51:59", "2009/08/19 10:54:59", "2009/08/19 11:05:00", "2009/08/19 11:06:00", "2009/08/19 11:06:59", "2009/08/19 11:07:59", "2009/08/19 11:09:00", "2009/08/19 11:10:59", "2009/08/19 11:12:00"]}