{"Geometry": [[-71.828667, 38.500167000000005]], "MMSI": 636009894, "DateTime": ["2009/05/02 23:02:00"]}