{"Geometry": [[-71.680473, 37.926232], [-71.600217, 37.952907999999994], [-71.547147, 37.969767000000004], [-71.543547, 37.970882], [-71.539627, 37.972133], [-71.52017, 37.978348], [-71.49533, 37.98568], [-71.444777, 38.000518], [-71.42751, 38.00558699999999], [-71.422477, 38.007045000000005], [-71.173938, 38.07727], [-71.151837, 38.083827000000014], [-71.148792, 38.08471499999999], [-71.145393, 38.085493000000014], [-71.138782, 38.085677000000004], [-71.1264, 38.085947000000004], [-71.122978, 38.08595199999999], [-71.119048, 38.085982], [-71.104395, 38.086645000000004], [-71.097173, 38.08686800000001], [-71.093255, 38.08699999999999], [-71.052743, 38.08917299999999], [-71.050078, 38.089327], [-71.046163, 38.089562], [-70.991627, 38.09279699999999], [-70.971038, 38.097767000000005], [-70.967935, 38.098659999999995], [-70.964807, 38.099478000000005], [-70.956303, 38.10162299999999], [-70.952025, 38.102622999999994], [-70.948855, 38.103488], [-70.945682, 38.10427200000001], [-70.942495, 38.10509999999999], [-70.939303, 38.105942], [-70.93602, 38.106689999999986], [-70.9324, 38.10775799999999], [-70.928638, 38.10859199999999], [-70.920642, 38.11070699999999], [-70.873385, 38.12186299999999], [-70.870418, 38.12251699999999], [-70.867357, 38.12319199999999], [-70.858443, 38.125123], [-70.855425, 38.12585200000001], [-70.631758, 38.178323000000006], [-70.628075, 38.17928699999999], [-70.625017, 38.18012200000001], [-70.621947, 38.180912000000006], [-70.618898, 38.181697000000014], [-70.614872, 38.182754999999986], [-70.611907, 38.183627], [-70.608828, 38.18436299999999], [-70.605198, 38.185385], [-70.602008, 38.186080000000004], [-70.596927, 38.18734699999999], [-70.514555, 38.209057], [-70.509972, 38.21031199999999], [-70.506923, 38.21114499999999], [-70.48894, 38.216117], [-70.141612, 38.31905699999999], [-70.138807, 38.320415], [-69.692448, 38.52476300000001], [-69.6849, 38.528785], [-69.678955, 38.53166300000001], [-69.676342, 38.532858000000004], [-69.653287, 38.544152999999994], [-69.642792, 38.54920799999999], [-69.64023, 38.55045799999999], [-69.620128, 38.560227999999995], [-69.617475, 38.56137799999999], [-69.614492, 38.56280699999999], [-69.611915, 38.56407200000001], [-69.608962, 38.56549699999999], [-69.574897, 38.58170200000001], [-69.572, 38.583067], [-69.542832, 38.596688], [-69.54043, 38.597927], [-69.535502, 38.60034999999999], [-69.52485, 38.60551000000001], [-69.495237, 38.619496999999996]], "MMSI": 258113000, "DateTime": ["2009/11/16 10:18:59", "2009/11/16 10:47:00", "2009/11/16 11:06:00", "2009/11/16 11:06:59", "2009/11/16 11:07:59", "2009/11/16 11:15:00", "2009/11/16 11:23:00", "2009/11/16 11:39:59", "2009/11/16 11:45:59", "2009/11/16 11:48:00", "2009/11/16 13:09:59", "2009/11/16 13:17:00", "2009/11/16 13:18:00", "2009/11/16 13:18:59", "2009/11/16 13:21:00", "2009/11/16 13:25:00", "2009/11/16 13:25:59", "2009/11/16 13:27:00", "2009/11/16 13:31:00", "2009/11/16 13:33:00", "2009/11/16 13:34:00", "2009/11/16 13:46:00", "2009/11/16 13:47:00", "2009/11/16 13:47:59", "2009/11/16 14:03:59", "2009/11/16 14:10:59", "2009/11/16 14:12:00", "2009/11/16 14:13:00", "2009/11/16 14:15:00", "2009/11/16 14:16:59", "2009/11/16 14:18:00", "2009/11/16 14:19:00", "2009/11/16 14:19:59", "2009/11/16 14:21:00", "2009/11/16 14:22:00", "2009/11/16 14:23:00", "2009/11/16 14:23:59", "2009/11/16 14:26:59", "2009/11/16 14:42:00", "2009/11/16 14:42:59", "2009/11/16 14:44:00", "2009/11/16 14:45:59", "2009/11/16 14:47:00", "2009/11/16 16:01:00", "2009/11/16 16:02:00", "2009/11/16 16:02:59", "2009/11/16 16:04:00", "2009/11/16 16:05:00", "2009/11/16 16:05:59", "2009/11/16 16:06:59", "2009/11/16 16:08:00", "2009/11/16 16:09:00", "2009/11/16 16:11:00", "2009/11/16 16:12:00", "2009/11/16 16:38:59", "2009/11/16 16:41:00", "2009/11/16 16:41:59", "2009/11/16 16:47:59", "2009/11/16 18:42:00", "2009/11/16 18:43:00", "2009/11/16 21:26:00", "2009/11/16 21:29:00", "2009/11/16 21:32:00", "2009/11/16 21:33:00", "2009/11/16 21:42:00", "2009/11/16 21:46:00", "2009/11/16 21:46:59", "2009/11/16 21:55:00", "2009/11/16 21:56:00", "2009/11/16 21:56:59", "2009/11/16 21:58:00", "2009/11/16 21:59:00", "2009/11/16 22:12:59", "2009/11/16 22:14:00", "2009/11/16 22:25:00", "2009/11/16 22:25:59", "2009/11/16 22:28:00", "2009/11/16 22:33:00", "2009/11/16 22:44:00"]}