{"Geometry": [[-68.351583, 18.368733000000006]], "MMSI": 538001098, "DateTime": ["2009/12/30 14:38:00"]}