{"Geometry": [[-71.877983, 39.36911699999999]], "MMSI": 376126000, "DateTime": ["2009/02/03 22:33:00"]}