{"Geometry": [[-68.424735, 24.396141999999998]], "MMSI": 366939810, "DateTime": ["2009/12/11 20:23:00"]}