{"Geometry": [[-67.469117, 17.761233000000004]], "MMSI": 352908000, "DateTime": ["2009/02/24 13:08:00"]}