{"Geometry": [[-67.089092, 19.368797]], "MMSI": 308045000, "DateTime": ["2009/02/06 11:13:59"]}