{"Geometry": [[-68.64335, 40.53916699999999]], "MMSI": 538002041, "DateTime": ["2009/11/13 09:10:00"]}