{"Geometry": [[-68.132772, 34.964037000000005]], "MMSI": 636006772, "DateTime": ["2009/08/26 01:09:00"]}