{"Geometry": [[-68.775257, 35.092123]], "MMSI": 366984210, "DateTime": ["2009/11/09 00:03:00"]}