{"Geometry": [[-71.050977, 37.557640000000006]], "MMSI": 304366000, "DateTime": ["2009/11/20 05:02:00"]}