{"Geometry": [[-68.128905, 16.677040000000005]], "MMSI": 370204000, "DateTime": ["2009/02/06 10:18:00"]}