{"Geometry": [[-68.556053, 17.96185]], "MMSI": 370204000, "DateTime": ["2009/01/22 23:41:00"]}