{"Geometry": [[-70.682682, 38.12699699999999]], "MMSI": 370204000, "DateTime": ["2009/01/04 04:28:00"]}