{"Geometry": [[-71.04921, 33.604150000000004]], "MMSI": 370204000, "DateTime": ["2009/07/28 22:56:00"]}