{"Geometry": [[-68.378628, 18.161838000000003]], "MMSI": 370204000, "DateTime": ["2009/11/30 05:02:00"]}