{"Geometry": [[-71.130833, 37.741167000000004]], "MMSI": 232160000, "DateTime": ["2009/07/05 11:03:59"]}