{"Geometry": [[-67.646423, 26.616707000000005]], "MMSI": 636091530, "DateTime": ["2009/01/25 09:30:59"]}