{"Geometry": [[-71.18626, 39.22580199999999]], "MMSI": 211233290, "DateTime": ["2009/01/07 05:23:59"]}