{"Geometry": [[-66.304667, 19.203166999999993]], "MMSI": 244958000, "DateTime": ["2009/02/25 02:12:00"]}