{"Geometry": [[-70.985985, 25.568060000000003]], "MMSI": 232855000, "DateTime": ["2009/05/03 00:17:00"]}