{"Geometry": [[-71.657933, 27.531966999999995]], "MMSI": 319979000, "DateTime": ["2009/12/04 06:40:59"]}