{"Geometry": [[-69.249705, 34.068205000000006]], "MMSI": 477047900, "DateTime": ["2009/12/14 03:43:59"]}