{"Geometry": [[-70.662878, 39.446045]], "MMSI": 308299000, "DateTime": ["2009/01/16 04:22:59"]}