{"Geometry": [[-67.963303, 15.979371999999998]], "MMSI": 232156000, "DateTime": ["2009/03/04 01:31:00"]}