{"Geometry": [[-69.202133, 28.737832999999995]], "MMSI": 311943000, "DateTime": ["2009/09/20 03:42:00"]}