{"Geometry": [[-70.827453, 35.085762]], "MMSI": 466174000, "DateTime": ["2009/07/24 13:25:59"]}