{"Geometry": [[-71.604883, 39.903699999999986]], "MMSI": 538090178, "DateTime": ["2009/02/28 05:44:00"]}