{"Geometry": [[-68.275148, 18.566311999999996]], "MMSI": 636013398, "DateTime": ["2009/12/28 03:08:59"]}