{"Geometry": [[-68.468063, 18.172574999999995]], "MMSI": 636013398, "DateTime": ["2009/05/24 23:44:00"]}