{"Geometry": [[-68.575505, 18.030536999999995]], "MMSI": 636013398, "DateTime": ["2009/05/03 16:44:59"]}