{"Geometry": [[-68.440983, 18.234286999999995]], "MMSI": 636013398, "DateTime": ["2009/09/20 18:46:00"]}