{"Geometry": [[-71.774728, 39.632907999999986]], "MMSI": 470380000, "DateTime": ["2009/01/03 15:30:00"]}