{"Geometry": [[-68.783927, 17.627314999999996]], "MMSI": 636010804, "DateTime": ["2009/01/14 17:45:59"]}