{"Geometry": [[-66.864683, 16.248452999999998]], "MMSI": 477241100, "DateTime": ["2009/08/25 03:08:00"]}