{"Geometry": [[-69.169567, 34.93127]], "MMSI": 367685000, "DateTime": ["2009/03/05 03:35:00"]}