{"Geometry": [[-69.15806, 37.705065000000005]], "MMSI": 367685000, "DateTime": ["2009/10/14 02:10:00"]}