{"Geometry": [[-66.491828, 18.680487999999997]], "MMSI": 366888830, "DateTime": ["2009/03/12 00:39:00"]}