{"Geometry": [[-71.271417, 37.418049999999994]], "MMSI": 256202000, "DateTime": ["2009/12/17 03:58:00"]}