{"Geometry": [[-67.73645, 16.103817000000006]], "MMSI": 311707000, "DateTime": ["2009/05/20 04:36:00"]}