{"Geometry": [[-71.282383, 37.603533], [-71.219183, 37.648633000000004], [-71.1589, 37.693383], [-71.12235, 37.722300000000004], [-71.082517, 37.754166999999995], [-71.0487, 37.782016999999996], [-71.0326, 37.795483000000004], [-71.010717, 37.813883000000004], [-70.972933, 37.847717], [-70.811817, 37.963350000000005], [-70.79585, 37.974616999999995], [-70.790833, 37.978117], [-70.761817, 37.99803300000001], [-70.72095, 38.025800000000004], [-70.682133, 38.05331699999999], [-70.67815, 38.05631700000001], [-70.6526, 38.07541699999999], [-70.637567, 38.086467], [-70.633533, 38.089433000000014], [-70.618033, 38.10078300000001], [-70.610033, 38.106599999999986], [-70.605, 38.11028300000001], [-70.596133, 38.11676700000001], [-70.592167, 38.11968300000001], [-70.587067, 38.12350000000001], [-70.583217, 38.126383000000004], [-70.558983, 38.144116999999994], [-70.554667, 38.1472], [-70.544233, 38.154717000000005], [-70.5376, 38.159482999999994], [-70.532867, 38.162949999999995], [-70.52885, 38.165783000000005], [-70.524133, 38.169217], [-70.506317, 38.182083000000006], [-70.498417, 38.187782999999996], [-70.4893, 38.19441699999999], [-70.485167, 38.19739999999999], [-70.480517, 38.20075], [-70.475667, 38.20423299999999], [-70.454817, 38.21901700000001], [-70.438567, 38.23060000000001], [-70.429217, 38.23724999999999], [-70.4253, 38.24005], [-70.409067, 38.251683000000014], [-70.4046, 38.25486699999999], [-70.395633, 38.26131699999999], [-70.391283, 38.26448300000001], [-70.38735, 38.26734999999999], [-70.382817, 38.27058299999999], [-70.331467, 38.3073], [-70.307333, 38.32476700000001], [-70.302917, 38.32794999999999], [-70.2976, 38.331717], [-70.266617, 38.354600000000005], [-70.25365, 38.36401699999999], [-70.195483, 38.406499999999994], [-70.177183, 38.420017], [-70.169817, 38.425366999999994], [-70.155033, 38.43606700000001], [-70.151183, 38.43886699999999], [-70.1468, 38.44203300000001], [-70.140933, 38.44631699999999], [-70.081667, 38.48943299999999], [-69.9881, 38.55671699999999], [-69.965433, 38.573083], [-69.943917, 38.588832999999994], [-69.785483, 38.70355000000001], [-69.758217, 38.72348299999999], [-69.720883, 38.75063299999999], [-69.702867, 38.76378299999999], [-69.698933, 38.76660000000001], [-69.690217, 38.772817], [-69.6863, 38.77561700000001], [-69.682167, 38.77866700000001], [-69.678217, 38.781566999999995], [-69.67115, 38.786699999999996], [-69.50175, 38.90773300000001], [-69.425317, 38.96164999999999]], "MMSI": 538002280, "DateTime": ["2009/08/28 07:44:00", "2009/08/28 07:57:00", "2009/08/28 08:10:00", "2009/08/28 08:19:00", "2009/08/28 08:28:00", "2009/08/28 08:35:59", "2009/08/28 08:39:59", "2009/08/28 08:45:59", "2009/08/28 08:55:59", "2009/08/28 09:35:00", "2009/08/28 09:39:00", "2009/08/28 09:40:00", "2009/08/28 09:46:59", "2009/08/28 09:56:59", "2009/08/28 10:05:59", "2009/08/28 10:06:59", "2009/08/28 10:14:00", "2009/08/28 10:17:00", "2009/08/28 10:18:59", "2009/08/28 10:21:59", "2009/08/28 10:24:00", "2009/08/28 10:25:59", "2009/08/28 10:28:00", "2009/08/28 10:28:59", "2009/08/28 10:30:00", "2009/08/28 10:31:00", "2009/08/28 10:37:00", "2009/08/28 10:38:00", "2009/08/28 10:41:00", "2009/08/28 10:43:00", "2009/08/28 10:44:00", "2009/08/28 10:44:59", "2009/08/28 10:46:00", "2009/08/28 10:50:59", "2009/08/28 10:53:00", "2009/08/28 10:54:59", "2009/08/28 10:56:00", "2009/08/28 10:57:00", "2009/08/28 10:57:59", "2009/08/28 11:03:59", "2009/08/28 11:07:59", "2009/08/28 11:10:00", "2009/08/28 11:10:59", "2009/08/28 11:15:00", "2009/08/28 11:16:00", "2009/08/28 11:18:00", "2009/08/28 11:19:00", "2009/08/28 11:19:59", "2009/08/28 11:21:00", "2009/08/28 11:34:00", "2009/08/28 11:39:59", "2009/08/28 11:41:00", "2009/08/28 11:42:00", "2009/08/28 11:50:00", "2009/08/28 11:54:00", "2009/08/28 12:08:59", "2009/08/28 12:14:00", "2009/08/28 12:14:59", "2009/08/28 12:19:00", "2009/08/28 12:20:00", "2009/08/28 12:20:59", "2009/08/28 12:23:00", "2009/08/28 12:37:59", "2009/08/28 12:59:59", "2009/08/28 13:05:59", "2009/08/28 13:11:00", "2009/08/28 13:50:59", "2009/08/28 13:57:59", "2009/08/28 14:06:59", "2009/08/28 14:12:00", "2009/08/28 14:13:00", "2009/08/28 14:15:00", "2009/08/28 14:16:00", "2009/08/28 14:16:59", "2009/08/28 14:18:00", "2009/08/28 14:19:59", "2009/08/28 15:04:00", "2009/08/28 15:24:00"]}