{"Geometry": [[-68.13818, 24.166420000000002]], "MMSI": 256680000, "DateTime": ["2009/12/20 19:53:00"]}