{"Geometry": [[-71.916558, 38.725798]], "MMSI": 338221000, "DateTime": ["2009/01/17 00:43:59"]}