{"Geometry": [[-68.621417, 18.008233000000004]], "MMSI": 353037000, "DateTime": ["2009/08/20 09:53:59"]}