{"Geometry": [[-68.042427, 24.250843000000003]], "MMSI": 305394000, "DateTime": ["2009/05/25 11:29:59"]}