{"Geometry": [[-71.273838, 37.715647000000004]], "MMSI": 235505000, "DateTime": ["2009/11/22 04:28:59"]}