{"Geometry": [[-69.01595, 36.939350000000005]], "MMSI": 351532000, "DateTime": ["2009/09/27 02:41:00"]}