{"Geometry": [[-68.254508, 38.45094800000001]], "MMSI": 207083000, "DateTime": ["2009/01/04 09:53:00"]}