{"Geometry": [[-68.49316, 24.868572999999998]], "MMSI": 319276000, "DateTime": ["2009/12/13 19:34:59"]}