{"Geometry": [[-66.35125, 19.205782999999997]], "MMSI": 304011002, "DateTime": ["2009/05/05 10:54:00"]}