{"Geometry": [[-67.11103, 40.64101199999999]], "MMSI": 366695940, "DateTime": ["2009/03/06 16:25:00"]}