{"Geometry": [[-71.399363, 41.814773], [-71.399372, 41.81476699999999], [-71.399387, 41.81477000000001], [-71.399372, 41.814762], [-71.399343, 41.81473299999999], [-71.399363, 41.814750000000004], [-71.399365, 41.814750000000004], [-71.39934, 41.814756999999986], [-71.399352, 41.814752], [-71.399343, 41.81476000000001], [-71.399363, 41.814763], [-71.39938, 41.81474499999999], [-71.399367, 41.81474], [-71.399338, 41.81476799999999], [-71.399377, 41.81473199999999], [-71.399365, 41.814752999999996], [-71.399353, 41.814752999999996], [-71.399367, 41.81475800000001], [-71.399368, 41.814785], [-71.399353, 41.81477000000001], [-71.399363, 41.81474], [-71.399358, 41.81474499999999], [-71.399317, 41.81471300000001], [-71.399343, 41.81473700000001], [-71.399357, 41.814763], [-71.399362, 41.814738000000006], [-71.39937, 41.81474800000001], [-71.399367, 41.81474700000001], [-71.39936, 41.81474299999999], [-71.399343, 41.814752999999996], [-71.399353, 41.814752], [-71.399352, 41.814752999999996], [-71.399343, 41.81478200000001], [-71.399358, 41.81475499999999], [-71.399343, 41.814752], [-71.399348, 41.814750000000004], [-71.39936, 41.814752999999996], [-71.399367, 41.81476000000001], [-71.399377, 41.814752], [-71.399363, 41.81474700000001], [-71.399337, 41.814756999999986], [-71.399342, 41.814738000000006], [-71.39935, 41.81476000000001], [-71.399495, 41.814513000000005], [-71.399572, 41.81414799999999], [-71.398628, 41.81261000000001], [-71.397208, 41.810045], [-71.396395, 41.808457000000004], [-71.39547, 41.80657199999999], [-71.394823, 41.804339999999996], [-71.395003, 41.802932999999996], [-71.395508, 41.80261200000001], [-71.395938, 41.80216300000001], [-71.396152, 41.801897999999994], [-71.3962, 41.80187699999999], [-71.396218, 41.801873], [-71.396182, 41.801895], [-71.396193, 41.80190200000001], [-71.396157, 41.80186699999999], [-71.396105, 41.80187000000001], [-71.395952, 41.802040000000005], [-71.394962, 41.80264700000001], [-71.394022, 41.80290500000001], [-71.39224, 41.802603000000005], [-71.390597, 41.8022], [-71.389445, 41.80175199999999], [-71.38851, 41.801377], [-71.387858, 41.800985], [-71.387403, 41.800613], [-71.387058, 41.800354999999996], [-71.38666, 41.79998699999999], [-71.386248, 41.79968299999999], [-71.385945, 41.79948999999999], [-71.385685, 41.79934800000001], [-71.385458, 41.79926800000001], [-71.385287, 41.799172], [-71.385142, 41.799115], [-71.384965, 41.79873499999999], [-71.385268, 41.79888], [-71.386637, 41.79971800000001]], "MMSI": 366695940, "DateTime": ["2009/03/12 00:00:00", "2009/03/12 00:01:00", "2009/03/12 00:03:00", "2009/03/12 00:04:00", "2009/03/12 00:07:00", "2009/03/12 00:08:59", "2009/03/12 00:10:00", "2009/03/12 00:11:00", "2009/03/12 00:11:59", "2009/03/12 00:14:00", "2009/03/12 00:16:00", "2009/03/12 00:17:00", "2009/03/12 00:17:59", "2009/03/12 00:19:00", "2009/03/12 00:20:00", "2009/03/12 00:20:59", "2009/03/12 00:21:59", "2009/03/12 00:24:00", "2009/03/12 00:24:59", "2009/03/12 00:26:00", "2009/03/12 00:27:00", "2009/03/12 00:29:00", "2009/03/12 00:30:00", "2009/03/12 00:30:59", "2009/03/12 00:33:00", "2009/03/12 00:33:59", "2009/03/12 00:35:00", "2009/03/12 00:36:00", "2009/03/12 00:36:59", "2009/03/12 00:37:59", "2009/03/12 00:40:00", "2009/03/12 00:40:59", "2009/03/12 00:42:00", "2009/03/12 00:43:00", "2009/03/12 00:43:59", "2009/03/12 00:45:00", "2009/03/12 00:46:59", "2009/03/12 00:48:00", "2009/03/12 00:49:00", "2009/03/12 00:49:59", "2009/03/12 00:51:00", "2009/03/12 00:53:00", "2009/03/12 00:53:59", "2009/03/12 00:56:00", "2009/03/12 00:56:59", "2009/03/12 00:59:00", "2009/03/12 00:59:59", "2009/03/12 01:01:00", "2009/03/12 01:02:00", "2009/03/12 01:04:00", "2009/03/12 01:05:00", "2009/03/12 01:05:59", "2009/03/12 01:08:00", "2009/03/12 01:09:00", "2009/03/12 01:11:00", "2009/03/12 01:12:00", "2009/03/12 01:25:59", "2009/03/12 01:30:00", "2009/03/12 01:31:00", "2009/03/12 01:38:00", "2009/03/12 01:46:00", "2009/03/12 01:47:59", "2009/03/12 01:49:00", "2009/03/12 01:50:59", "2009/03/12 01:51:59", "2009/03/12 01:53:00", "2009/03/12 01:54:00", "2009/03/12 01:54:59", "2009/03/12 01:56:00", "2009/03/12 01:57:00", "2009/03/12 01:57:59", "2009/03/12 02:00:00", "2009/03/12 02:00:59", "2009/03/12 02:02:00", "2009/03/12 02:03:00", "2009/03/12 02:03:59", "2009/03/12 02:05:00", "2009/03/12 02:09:00", "2009/03/12 02:10:00", "2009/03/12 02:12:00"]}