{"Geometry": [[-71.869903, 31.556967]], "MMSI": 245149000, "DateTime": ["2009/02/20 11:26:00"]}