{"Geometry": [[-71.368122, 34.15692]], "MMSI": 538002366, "DateTime": ["2009/10/10 00:24:59"]}