{"Geometry": [[-67.427517, 18.352383000000003]], "MMSI": 209667000, "DateTime": ["2009/11/30 00:01:59"]}