{"Geometry": [[-67.626667, 18.443167000000003]], "MMSI": 247691000, "DateTime": ["2009/07/13 01:21:59"]}