{"Geometry": [[-71.883183, 37.862083]], "MMSI": 240820000, "DateTime": ["2009/12/13 01:01:00"]}