{"Geometry": [[-67.56459, 23.390845]], "MMSI": 218725000, "DateTime": ["2009/01/30 11:35:00"]}