{"Geometry": [[-67.472333, 18.674333000000004], [-67.465167, 18.676167000000007], [-67.461833, 18.677000000000007], [-67.457167, 18.678332999999995], [-67.451, 18.679833000000002], [-67.4445, 18.681667000000004], [-67.439167, 18.683166999999997], [-67.432667, 18.684832999999998], [-67.428333, 18.686166999999998], [-67.423667, 18.6875], [-67.4185, 18.688833000000002], [-67.413333, 18.690167000000002], [-67.407667, 18.691833000000003], [-67.401, 18.6935], [-67.393, 18.695832999999993], [-67.3705, 18.702167000000003], [-67.362833, 18.704166999999998], [-67.356, 18.706166999999994], [-67.342, 18.709999999999994], [-67.337167, 18.711332999999996], [-67.333333, 18.712333], [-67.326833, 18.714332999999996], [-67.3225, 18.715500000000006], [-67.316167, 18.717167000000003], [-67.307333, 18.719667], [-67.3015, 18.721166999999994], [-67.294, 18.723167000000004], [-67.289333, 18.724500000000006], [-67.2855, 18.725667], [-67.280167, 18.727000000000004], [-67.276333, 18.727999999999994], [-67.271, 18.729332999999997], [-67.264, 18.731333000000006], [-67.260167, 18.7325], [-67.2525, 18.734499999999997], [-67.214333, 18.744500000000002], [-67.139667, 18.766833000000005], [-67.1195, 18.772499999999994], [-67.096833, 18.778499999999994], [-67.053, 18.790499999999994], [-67.048167, 18.791832999999997], [-66.9485, 18.819333], [-66.937667, 18.822333], [-66.9175, 18.828000000000003], [-66.912, 18.829667], [-66.906667, 18.831166999999994], [-66.9, 18.833167000000003], [-66.889333, 18.836167000000003], [-66.88, 18.839167000000003], [-66.874333, 18.840833000000003], [-66.849833, 18.848], [-66.845, 18.849333], [-66.5645, 18.925667000000004], [-66.559667, 18.927166999999997], [-66.555167, 18.9285], [-66.546167, 18.930667], [-66.538, 18.933166999999997], [-66.5325, 18.934667000000005], [-66.526833, 18.936333000000005], [-66.493833, 18.945667], [-66.484833, 18.947999999999993], [-66.479667, 18.9495], [-66.475167, 18.950833000000003], [-66.469333, 18.9525], [-66.460333, 18.955], [-66.455667, 18.956333], [-66.450333, 18.958], [-66.441333, 18.960667], [-66.432, 18.963333000000006], [-66.4275, 18.964833], [-66.4235, 18.966167], [-66.416667, 18.968166999999994], [-66.4055, 18.971000000000004], [-66.396333, 18.973332999999997], [-66.3865, 18.975832999999994], [-66.3835, 18.976667000000006], [-66.377833, 18.977999999999994], [-66.3715, 18.9795], [-66.3645, 18.981499999999997], [-66.356667, 18.983833000000004], [-66.3435, 18.987499999999997], [-66.327333, 18.992166999999995]], "MMSI": 636091013, "DateTime": ["2009/01/22 22:54:00", "2009/01/22 22:54:59", "2009/01/22 22:57:00", "2009/01/22 22:57:59", "2009/01/22 22:59:00", "2009/01/22 23:00:00", "2009/01/22 23:00:59", "2009/01/22 23:02:00", "2009/01/22 23:03:00", "2009/01/22 23:03:59", "2009/01/22 23:06:00", "2009/01/22 23:06:59", "2009/01/22 23:07:59", "2009/01/22 23:09:00", "2009/01/22 23:10:00", "2009/01/22 23:16:00", "2009/01/22 23:16:59", "2009/01/22 23:19:00", "2009/01/22 23:21:00", "2009/01/22 23:22:00", "2009/01/22 23:23:59", "2009/01/22 23:25:00", "2009/01/22 23:26:00", "2009/01/22 23:26:59", "2009/01/22 23:29:00", "2009/01/22 23:29:59", "2009/01/22 23:31:00", "2009/01/22 23:32:00", "2009/01/22 23:32:59", "2009/01/22 23:34:00", "2009/01/22 23:35:59", "2009/01/22 23:36:59", "2009/01/22 23:38:00", "2009/01/22 23:39:00", "2009/01/22 23:41:00", "2009/01/22 23:48:59", "2009/01/23 00:04:00", "2009/01/23 00:08:59", "2009/01/23 00:13:00", "2009/01/23 00:23:00", "2009/01/23 00:24:00", "2009/01/23 00:45:00", "2009/01/23 00:46:59", "2009/01/23 00:51:00", "2009/01/23 00:52:00", "2009/01/23 00:53:00", "2009/01/23 00:55:00", "2009/01/23 00:56:59", "2009/01/23 00:59:00", "2009/01/23 00:59:59", "2009/01/23 01:05:59", "2009/01/23 01:06:59", "2009/01/23 02:06:00", "2009/01/23 02:07:59", "2009/01/23 02:09:00", "2009/01/23 02:10:59", "2009/01/23 02:13:00", "2009/01/23 02:13:59", "2009/01/23 02:15:00", "2009/01/23 02:22:00", "2009/01/23 02:23:59", "2009/01/23 02:25:00", "2009/01/23 02:26:00", "2009/01/23 02:28:00", "2009/01/23 02:29:59", "2009/01/23 02:31:00", "2009/01/23 02:32:00", "2009/01/23 02:32:59", "2009/01/23 02:35:00", "2009/01/23 02:35:59", "2009/01/23 02:38:00", "2009/01/23 02:39:00", "2009/01/23 02:41:00", "2009/01/23 02:42:59", "2009/01/23 02:45:00", "2009/01/23 02:47:00", "2009/01/23 02:48:00", "2009/01/23 02:48:59", "2009/01/23 02:50:00", "2009/01/23 02:51:59", "2009/01/23 02:55:00", "2009/01/23 02:58:59"]}