{"Geometry": [[-71.481563, 36.501993], [-71.490333, 36.5205], [-71.504552, 36.551942], [-71.534298, 36.619322999999994], [-71.55752, 36.672837], [-71.599757, 36.766358], [-71.605667, 36.7795], [-71.648368, 36.870255], [-71.651168, 36.87564999999999], [-71.655847, 36.884912], [-71.65857, 36.890395], [-71.662105, 36.897537], [-71.666707, 36.906897], [-71.669435, 36.912413], [-71.673333, 36.920333], [-71.678333, 36.931], [-71.681167, 36.936499999999995], [-71.68727, 36.949398], [-71.695357, 36.966322000000005], [-71.722333, 37.022999999999996], [-71.732333, 37.042666999999994], [-71.742045, 37.060428], [-71.74517, 37.065929999999994], [-71.748018, 37.071569999999994], [-71.753502, 37.082875], [-71.757833, 37.092667000000006], [-71.7605, 37.098333], [-71.763, 37.104], [-71.765667, 37.109667], [-71.768167, 37.115167], [-71.770892, 37.12061], [-71.777, 37.1335], [-71.7805, 37.1405], [-71.783167, 37.146], [-71.796098, 37.172162], [-71.801242, 37.182475], [-71.804833, 37.189667], [-71.808757, 37.198447], [-71.812022, 37.205653], [-71.814567, 37.211169999999996], [-71.817113, 37.216697999999994], [-71.820473, 37.223967], [-71.822282, 37.22770800000001], [-71.825017, 37.233135000000004], [-71.827917, 37.239175], [-71.830693, 37.24525800000001], [-71.834792, 37.254054999999994], [-71.841207, 37.267723000000004], [-71.844288, 37.274266999999995], [-71.846905, 37.27968799999999], [-71.849833, 37.285833], [-71.852382, 37.29111], [-71.855003, 37.296548], [-71.857607, 37.301981999999995], [-71.863667, 37.314499999999995], [-71.871858, 37.332525000000004], [-71.881132, 37.352793000000005], [-71.885782, 37.363162], [-71.888468, 37.369142999999994], [-71.901, 37.394999999999996], [-71.903833, 37.400999999999996], [-71.9175, 37.4285], [-71.920667, 37.434667000000005], [-71.9235, 37.44], [-71.927715, 37.448274999999995], [-71.933177, 37.458813000000006], [-71.937667, 37.468666999999996], [-71.939858, 37.473986999999994], [-71.942187, 37.4794], [-71.944778, 37.485358000000005], [-71.94811, 37.493572], [-71.953167, 37.505667], [-71.955333, 37.511167], [-71.958312, 37.517387], [-71.961833, 37.525000000000006], [-71.964667, 37.532667000000004], [-71.967822, 37.538123], [-71.970842, 37.543802], [-71.97325, 37.549127], [-71.975752, 37.554413], [-71.98, 37.562833], [-71.982853, 37.568015], [-71.987333, 37.577667000000005], [-71.9915, 37.586], [-71.994167, 37.591333000000006], [-71.996863, 37.59701200000001], [-71.999833, 37.6035]], "MMSI": 636091525, "DateTime": ["2009/07/16 03:37:59", "2009/07/16 03:40:59", "2009/07/16 03:46:59", "2009/07/16 03:59:59", "2009/07/16 04:09:59", "2009/07/16 04:28:00", "2009/07/16 05:03:59", "2009/07/16 05:21:00", "2009/07/16 05:22:00", "2009/07/16 05:23:59", "2009/07/16 05:25:00", "2009/07/16 05:26:00", "2009/07/16 05:26:59", "2009/07/16 05:28:00", "2009/07/16 05:29:59", "2009/07/16 05:32:00", "2009/07/16 05:32:59", "2009/07/16 05:35:00", "2009/07/16 05:38:00", "2009/07/16 05:48:00", "2009/07/16 05:51:59", "2009/07/16 05:55:00", "2009/07/16 05:55:59", "2009/07/16 05:57:00", "2009/07/16 05:58:59", "2009/07/16 06:00:00", "2009/07/16 06:01:00", "2009/07/16 06:01:59", "2009/07/16 06:03:00", "2009/07/16 06:04:00", "2009/07/16 06:04:59", "2009/07/16 06:08:00", "2009/07/16 06:08:59", "2009/07/16 06:10:00", "2009/07/16 06:14:59", "2009/07/16 06:17:00", "2009/07/16 06:17:59", "2009/07/16 06:20:00", "2009/07/16 06:20:59", "2009/07/16 06:21:59", "2009/07/16 06:23:00", "2009/07/16 06:24:00", "2009/07/16 06:24:59", "2009/07/16 06:26:00", "2009/07/16 06:27:00", "2009/07/16 06:27:59", "2009/07/16 06:30:00", "2009/07/16 06:32:00", "2009/07/16 06:33:00", "2009/07/16 06:33:59", "2009/07/16 06:35:00", "2009/07/16 06:36:00", "2009/07/16 06:36:59", "2009/07/16 06:39:00", "2009/07/16 06:40:59", "2009/07/16 06:43:59", "2009/07/16 06:48:00", "2009/07/16 06:49:59", "2009/07/16 06:51:00", "2009/07/16 06:56:00", "2009/07/16 06:56:59", "2009/07/16 07:02:00", "2009/07/16 07:02:59", "2009/07/16 07:04:00", "2009/07/16 07:05:59", "2009/07/16 07:08:00", "2009/07/16 07:09:59", "2009/07/16 07:11:00", "2009/07/16 07:12:00", "2009/07/16 07:12:59", "2009/07/16 07:14:00", "2009/07/16 07:15:59", "2009/07/16 07:17:00", "2009/07/16 07:18:00", "2009/07/16 07:20:00", "2009/07/16 07:21:00", "2009/07/16 07:21:59", "2009/07/16 07:24:00", "2009/07/16 07:25:00", "2009/07/16 07:25:59", "2009/07/16 07:27:00", "2009/07/16 07:28:00", "2009/07/16 07:30:00", "2009/07/16 07:31:00", "2009/07/16 07:31:59", "2009/07/16 07:33:00", "2009/07/16 07:34:00"]}