{"Geometry": [[-67.278933, 19.049932999999996]], "MMSI": 235003900, "DateTime": ["2009/09/12 01:59:00"]}