{"Geometry": [[-70.449767, 47.401433]], "MMSI": 240592000, "DateTime": ["2009/12/29 17:35:59"]}