{"Geometry": [[-69.831083, 39.089067], [-69.986, 39.065349999999995], [-70.007633, 39.0616], [-70.019067, 39.05966699999999], [-70.0424, 39.05568299999999], [-70.050517, 39.054317], [-70.074617, 39.05023299999999], [-70.084617, 39.048517000000004], [-70.1043, 39.04515000000001], [-70.118717, 39.04271700000001], [-70.147383, 39.037800000000004], [-70.161817, 39.03536700000001], [-70.168317, 39.03431699999999], [-70.179017, 39.032549999999986], [-70.237617, 39.02286699999999], [-70.2468, 39.0214], [-70.279167, 39.016166999999996], [-70.3494, 39.002283000000006], [-70.47725, 38.974917000000005], [-70.520067, 38.965517000000006], [-70.527017, 38.964200000000005], [-70.581967, 38.953933000000006], [-70.596, 38.95138299999999], [-70.604083, 38.94995], [-70.615333, 38.94788299999999], [-70.666917, 38.939066999999994], [-70.721917, 38.929383], [-70.765633, 38.92169999999999], [-70.774167, 38.920266999999996], [-70.789583, 38.91756699999999], [-70.901017, 38.898517], [-70.91455, 38.89618300000001], [-70.936017, 38.89245], [-70.947583, 38.890467], [-70.953817, 38.889317000000005], [-70.966833, 38.887067], [-70.97565, 38.88551699999999], [-70.984483, 38.883983], [-70.99485, 38.882149999999996], [-71.005183, 38.88033300000001], [-71.0155, 38.87848299999999], [-71.026383, 38.87658300000001], [-71.0372, 38.874683000000005], [-71.046983, 38.87303299999999], [-71.056717, 38.87141700000001], [-71.071183, 38.869033], [-71.10815, 38.862483], [-71.118483, 38.86064999999999], [-71.1284, 38.858867000000004], [-71.170417, 38.851467000000014], [-71.181733, 38.84944999999999], [-71.191117, 38.847733000000005], [-71.222917, 38.84183300000001], [-71.2301, 38.840517000000006], [-71.235917, 38.839433000000014], [-71.24265, 38.838133], [-71.253067, 38.83616699999999], [-71.260917, 38.83468300000001], [-71.267183, 38.83346700000001], [-71.274483, 38.83205000000001], [-71.28125, 38.83070000000001], [-71.296267, 38.82771700000001], [-71.30785, 38.82541699999999], [-71.327267, 38.82169999999999], [-71.35775, 38.81585000000001], [-71.368867, 38.813799999999986], [-71.573083, 38.77471700000001], [-71.59195, 38.77116699999999], [-71.782733, 38.73429999999999], [-71.83415, 38.724132999999995], [-71.896533, 38.712950000000006], [-71.91825, 38.70894999999999], [-71.926717, 38.707449999999994], [-71.939333, 38.705183000000005], [-71.950717, 38.703182999999996], [-71.95785, 38.701966999999996], [-71.9712, 38.69968299999999], [-71.9778, 38.698567], [-71.988417, 38.6969]], "MMSI": 564723000, "DateTime": ["2009/05/26 17:22:00", "2009/05/26 17:50:00", "2009/05/26 17:54:00", "2009/05/26 17:55:59", "2009/05/26 18:01:00", "2009/05/26 18:01:59", "2009/05/26 18:07:00", "2009/05/26 18:08:00", "2009/05/26 18:11:59", "2009/05/26 18:14:59", "2009/05/26 18:20:00", "2009/05/26 18:23:00", "2009/05/26 18:24:00", "2009/05/26 18:26:00", "2009/05/26 18:36:59", "2009/05/26 18:39:00", "2009/05/26 18:45:00", "2009/05/26 18:58:00", "2009/05/26 19:22:59", "2009/05/26 19:31:00", "2009/05/26 19:31:59", "2009/05/26 19:41:59", "2009/05/26 19:44:59", "2009/05/26 19:46:00", "2009/05/26 19:47:59", "2009/05/26 19:57:59", "2009/05/26 20:07:59", "2009/05/26 20:16:59", "2009/05/26 20:18:00", "2009/05/26 20:21:00", "2009/05/26 20:42:00", "2009/05/26 20:45:00", "2009/05/26 20:48:59", "2009/05/26 20:51:00", "2009/05/26 20:51:59", "2009/05/26 20:55:00", "2009/05/26 20:55:59", "2009/05/26 20:58:00", "2009/05/26 21:00:00", "2009/05/26 21:01:59", "2009/05/26 21:04:00", "2009/05/26 21:06:00", "2009/05/26 21:08:00", "2009/05/26 21:10:00", "2009/05/26 21:11:59", "2009/05/26 21:14:59", "2009/05/26 21:21:59", "2009/05/26 21:24:00", "2009/05/26 21:26:00", "2009/05/26 21:33:59", "2009/05/26 21:36:00", "2009/05/26 21:37:59", "2009/05/26 21:43:59", "2009/05/26 21:46:00", "2009/05/26 21:46:59", "2009/05/26 21:48:00", "2009/05/26 21:49:59", "2009/05/26 21:52:00", "2009/05/26 21:53:00", "2009/05/26 21:53:59", "2009/05/26 21:55:00", "2009/05/26 21:58:00", "2009/05/26 22:01:00", "2009/05/26 22:04:00", "2009/05/26 22:09:59", "2009/05/26 22:12:00", "2009/05/26 22:50:59", "2009/05/26 22:54:59", "2009/05/26 23:31:00", "2009/05/26 23:41:00", "2009/05/26 23:51:59", "2009/05/26 23:57:00", "2009/05/26 23:58:00", "2009/05/27 00:01:00", "2009/05/27 00:03:00", "2009/05/27 00:04:00", "2009/05/27 00:07:00", "2009/05/27 00:08:00", "2009/05/27 00:11:00"]}