{"Geometry": [[-71.531367, 39.25110000000001]], "MMSI": 246029000, "DateTime": ["2009/01/24 17:29:59"]}