{"Geometry": [[-66.629468, 85.60366300000001]], "MMSI": 210836000, "DateTime": ["2009/07/03 01:41:00"]}