{"Geometry": [[-71.354667, 41.485533000000004]], "MMSI": 367316760, "DateTime": ["2009/07/05 21:49:59"]}