{"Geometry": [[-69.07619, 27.844232000000005]], "MMSI": 367010380, "DateTime": ["2009/12/08 05:26:59"]}