{"Geometry": [[-66.532933, 30.010850000000005]], "MMSI": 565489000, "DateTime": ["2009/11/05 13:17:00"]}