{"Geometry": [[-67.565187, 24.016867000000005]], "MMSI": 432629000, "DateTime": ["2009/04/27 22:22:59"]}