{"Geometry": [[-71.767967, 37.741282999999996]], "MMSI": 432629000, "DateTime": ["2009/05/03 16:54:59"]}