{"Geometry": [[-66.308762, 16.378085]], "MMSI": 256068000, "DateTime": ["2009/08/07 11:28:00"]}