{"Geometry": [[-71.963613, 38.27002200000001]], "MMSI": 316009548, "DateTime": ["2009/04/12 01:01:00"]}