{"Geometry": [[-67.368667, 18.608000000000004], [-67.356833, 18.614000000000004], [-67.350833, 18.617333000000002], [-67.2325, 18.674166999999997], [-66.941833, 18.8365], [-66.917333, 18.850333000000006], [-66.9045, 18.8575], [-66.556833, 19.049166999999997], [-66.546167, 19.055333000000005], [-66.5215, 19.069333], [-66.515333, 19.072666999999996], [-66.494333, 19.084166999999994], [-66.475, 19.094499999999996], [-66.4605, 19.101833], [-66.451667, 19.106333000000006], [-66.4435, 19.110667000000007], [-66.429833, 19.117500000000007], [-66.425167, 19.120000000000005], [-66.417333, 19.123833000000005], [-66.399667, 19.132833000000005], [-66.312167, 19.180999999999997], [-66.756333, 18.792666999999994], [-66.7735, 18.784999999999997], [-66.813, 18.7675], [-66.8185, 18.765], [-66.824667, 18.762332999999998], [-66.830333, 18.759833], [-66.8385, 18.756332999999998], [-66.847167, 18.752499999999998], [-66.858333, 18.747667000000007], [-66.8645, 18.745000000000005], [-66.870667, 18.742333000000002], [-66.876667, 18.739833000000004], [-66.883333, 18.736999999999995], [-66.892, 18.733333000000002], [-66.897667, 18.730999999999995], [-66.903333, 18.728499999999997], [-66.9095, 18.725832999999994], [-66.923167, 18.720332999999997], [-66.930833, 18.716832999999994], [-66.936333, 18.7145], [-66.943, 18.711667000000006], [-66.948333, 18.709166999999994], [-66.955333, 18.706000000000003], [-66.961333, 18.703333], [-66.967833, 18.700333], [-66.976, 18.696832999999998], [-66.982333, 18.693832999999998], [-66.991, 18.689999999999998], [-67.0005, 18.685833000000002], [-67.011, 18.681167000000002], [-67.0285, 18.673333], [-67.033833, 18.670833000000002], [-67.049833, 18.6635], [-67.056667, 18.660332999999994], [-67.1145, 18.634332999999998], [-67.124667, 18.629999999999995], [-67.131333, 18.626833000000005], [-67.1405, 18.623000000000005], [-67.159, 18.614833000000004], [-67.1655, 18.612167], [-67.1725, 18.608999999999995], [-67.1805, 18.605500000000006], [-67.185833, 18.603333000000006], [-67.191167, 18.601167000000004], [-67.198, 18.598167000000004], [-67.203833, 18.595833], [-67.212833, 18.592], [-67.218833, 18.5895], [-67.23, 18.584999999999994], [-67.240667, 18.5805], [-67.269833, 18.5685], [-67.276167, 18.565667000000005], [-67.2815, 18.563500000000005], [-67.286833, 18.561333000000005], [-67.292667, 18.558667], [-67.2985, 18.556167000000002], [-67.304833, 18.553332999999995], [-67.311833, 18.550332999999995], [-67.3155, 18.548833000000002]], "MMSI": 308090000, "DateTime": ["2009/01/07 05:16:00", "2009/01/07 05:18:00", "2009/01/07 05:19:59", "2009/01/07 05:42:00", "2009/01/07 06:40:00", "2009/01/07 06:46:00", "2009/01/07 06:48:00", "2009/01/07 07:56:00", "2009/01/07 07:59:00", "2009/01/07 08:03:00", "2009/01/07 08:03:59", "2009/01/07 08:09:00", "2009/01/07 08:13:00", "2009/01/07 08:16:00", "2009/01/07 08:16:59", "2009/01/07 08:19:00", "2009/01/07 08:21:00", "2009/01/07 08:22:00", "2009/01/07 08:23:00", "2009/01/07 08:26:59", "2009/01/07 08:45:00", "2009/01/29 16:54:59", "2009/01/29 16:57:59", "2009/01/29 17:05:00", "2009/01/29 17:06:00", "2009/01/29 17:06:59", "2009/01/29 17:07:59", "2009/01/29 17:10:00", "2009/01/29 17:12:00", "2009/01/29 17:13:59", "2009/01/29 17:15:00", "2009/01/29 17:16:00", "2009/01/29 17:16:59", "2009/01/29 17:18:00", "2009/01/29 17:19:59", "2009/01/29 17:21:00", "2009/01/29 17:22:00", "2009/01/29 17:23:00", "2009/01/29 17:25:00", "2009/01/29 17:26:00", "2009/01/29 17:28:00", "2009/01/29 17:29:00", "2009/01/29 17:29:59", "2009/01/29 17:31:00", "2009/01/29 17:32:00", "2009/01/29 17:32:59", "2009/01/29 17:35:00", "2009/01/29 17:35:59", "2009/01/29 17:36:59", "2009/01/29 17:39:00", "2009/01/29 17:41:00", "2009/01/29 17:45:00", "2009/01/29 17:45:59", "2009/01/29 17:48:59", "2009/01/29 17:50:00", "2009/01/29 18:01:00", "2009/01/29 18:03:00", "2009/01/29 18:04:00", "2009/01/29 18:06:00", "2009/01/29 18:08:59", "2009/01/29 18:10:00", "2009/01/29 18:11:00", "2009/01/29 18:11:59", "2009/01/29 18:14:00", "2009/01/29 18:14:59", "2009/01/29 18:17:00", "2009/01/29 18:17:59", "2009/01/29 18:19:00", "2009/01/29 18:20:00", "2009/01/29 18:23:00", "2009/01/29 18:24:59", "2009/01/29 18:30:00", "2009/01/29 18:30:59", "2009/01/29 18:32:00", "2009/01/29 18:33:00", "2009/01/29 18:33:59", "2009/01/29 18:35:00", "2009/01/29 18:36:59", "2009/01/29 18:37:59", "2009/01/29 18:39:00"]}