{"Geometry": [[-71.700667, 36.438500000000005]], "MMSI": 369327000, "DateTime": ["2009/07/11 21:53:59"]}