{"Geometry": [[-70.703225, 29.999637000000007]], "MMSI": 367119420, "DateTime": ["2009/07/31 07:33:00"]}