{"Geometry": [[-71.996983, 38.490733000000006]], "MMSI": 351236000, "DateTime": ["2009/09/01 18:17:00"]}