{"Geometry": [[-70.609438, 45.60597799999999]], "MMSI": 366999979, "DateTime": ["2009/04/21 15:33:00"]}