{"Geometry": [[-69.602507, 24.953550000000007]], "MMSI": 210228000, "DateTime": ["2009/11/12 09:52:00"]}