{"Geometry": [[-71.171417, 38.858867000000004], [-71.187117, 38.850933], [-71.218283, 38.835633], [-71.2257, 38.831999999999994], [-71.232417, 38.8287], [-71.237683, 38.82608300000001], [-71.245083, 38.822417], [-71.250717, 38.81948299999999], [-71.255033, 38.817200000000014], [-71.261117, 38.81401700000001], [-71.265383, 38.81174999999999], [-71.27675, 38.80548300000001], [-71.286633, 38.79901699999999], [-71.300467, 38.79053300000001], [-71.311433, 38.783817], [-71.316333, 38.780833], [-71.323667, 38.77638300000001], [-71.337467, 38.767967], [-71.347183, 38.76198299999999], [-71.351233, 38.7595], [-71.367233, 38.750550000000004], [-71.373533, 38.747716999999994], [-71.386817, 38.743267], [-71.405417, 38.736282999999986], [-71.42195, 38.729667000000006], [-71.42815, 38.72675000000001], [-71.4446, 38.71995000000001], [-71.452033, 38.717083], [-71.46145, 38.71228300000001], [-71.483167, 38.700017], [-71.5297, 38.673733], [-71.55665, 38.65861699999999], [-71.573883, 38.64876699999999], [-71.578, 38.646433], [-71.586283, 38.64175], [-71.59205, 38.63848300000001], [-71.597783, 38.63515000000001], [-71.60185, 38.63278299999999], [-71.607583, 38.629549999999995], [-71.612467, 38.62678299999999], [-71.6247, 38.61981700000001], [-71.630433, 38.61658299999999], [-71.641883, 38.610083], [-71.646483, 38.607483], [-71.663933, 38.59748300000001], [-71.668017, 38.595133000000004], [-71.677867, 38.58956699999999], [-71.686817, 38.584517000000005], [-71.692167, 38.58144999999999], [-71.708067, 38.572383], [-71.7125, 38.56986699999999], [-71.72, 38.56563299999999], [-71.726567, 38.56193300000001], [-71.740183, 38.554249999999996], [-71.748433, 38.54955000000001], [-71.764133, 38.540549999999996], [-71.76825, 38.538183000000004], [-71.778167, 38.532533], [-71.788017, 38.526933000000014], [-71.796667, 38.52199999999999], [-71.80365, 38.51804999999999], [-71.811117, 38.513867000000005], [-71.816483, 38.51083299999999], [-71.820583, 38.50845000000001], [-71.825133, 38.50588300000001], [-71.83135, 38.502317000000005], [-71.835867, 38.499717000000004], [-71.848133, 38.492766999999986], [-71.852667, 38.490217], [-71.86085, 38.485467], [-71.866017, 38.482417], [-71.8709, 38.479600000000005], [-71.875433, 38.476967], [-71.886833, 38.47036700000001], [-71.896133, 38.464967], [-71.910833, 38.45653300000001], [-71.924867, 38.448733000000004], [-71.938583, 38.44114999999999], [-71.978967, 38.41851700000001], [-71.986017, 38.414649999999995]], "MMSI": 565554000, "DateTime": ["2009/12/13 05:32:00", "2009/12/13 05:35:59", "2009/12/13 05:42:59", "2009/12/13 05:45:00", "2009/12/13 05:45:59", "2009/12/13 05:47:00", "2009/12/13 05:48:59", "2009/12/13 05:50:00", "2009/12/13 05:51:00", "2009/12/13 05:52:59", "2009/12/13 05:54:00", "2009/12/13 05:55:59", "2009/12/13 05:58:59", "2009/12/13 06:01:59", "2009/12/13 06:04:59", "2009/12/13 06:06:00", "2009/12/13 06:08:00", "2009/12/13 06:11:00", "2009/12/13 06:14:00", "2009/12/13 06:14:59", "2009/12/13 06:19:00", "2009/12/13 06:20:00", "2009/12/13 06:23:00", "2009/12/13 06:27:00", "2009/12/13 06:30:00", "2009/12/13 06:32:00", "2009/12/13 06:35:00", "2009/12/13 06:36:59", "2009/12/13 06:39:00", "2009/12/13 06:43:59", "2009/12/13 06:55:00", "2009/12/13 07:02:00", "2009/12/13 07:05:59", "2009/12/13 07:06:59", "2009/12/13 07:09:00", "2009/12/13 07:11:00", "2009/12/13 07:12:00", "2009/12/13 07:12:59", "2009/12/13 07:14:00", "2009/12/13 07:15:59", "2009/12/13 07:18:59", "2009/12/13 07:20:00", "2009/12/13 07:22:59", "2009/12/13 07:24:00", "2009/12/13 07:28:00", "2009/12/13 07:28:59", "2009/12/13 07:31:00", "2009/12/13 07:34:00", "2009/12/13 07:34:59", "2009/12/13 07:38:59", "2009/12/13 07:40:00", "2009/12/13 07:41:59", "2009/12/13 07:43:00", "2009/12/13 07:47:00", "2009/12/13 07:49:00", "2009/12/13 07:53:00", "2009/12/13 07:54:00", "2009/12/13 07:56:00", "2009/12/13 07:57:59", "2009/12/13 08:00:00", "2009/12/13 08:02:00", "2009/12/13 08:03:59", "2009/12/13 08:05:00", "2009/12/13 08:06:00", "2009/12/13 08:06:59", "2009/12/13 08:09:00", "2009/12/13 08:10:00", "2009/12/13 08:13:00", "2009/12/13 08:13:59", "2009/12/13 08:16:00", "2009/12/13 08:16:59", "2009/12/13 08:19:00", "2009/12/13 08:19:59", "2009/12/13 08:22:00", "2009/12/13 08:25:00", "2009/12/13 08:28:00", "2009/12/13 08:32:00", "2009/12/13 08:35:00", "2009/12/13 08:45:00", "2009/12/13 08:47:00"]}