{"Geometry": [[-66.00086, 18.822986999999998]], "MMSI": 310531000, "DateTime": ["2009/12/24 23:58:59"]}