{"Geometry": [[-68.452717, 18.071933]], "MMSI": 209740000, "DateTime": ["2009/04/07 03:13:00"]}