{"Geometry": [[-66.439885, 18.538692999999995], [-66.44351, 18.538787999999997], [-66.448312, 18.538916999999998], [-66.451485, 18.538977000000003], [-66.454697, 18.539051999999998], [-66.457552, 18.539137999999994], [-66.461118, 18.539227999999994], [-66.463965, 18.539322999999996], [-66.46639, 18.539367999999996], [-66.468818, 18.539434999999997], [-66.471252, 18.539512000000002], [-66.473627, 18.539563], [-66.476488, 18.539632999999995], [-66.479677, 18.539685000000006], [-66.482508, 18.539770000000004], [-66.485383, 18.539882000000006], [-66.487818, 18.539931999999993], [-66.49023, 18.539968000000002], [-66.492648, 18.540040000000005], [-66.495465, 18.540099999999995], [-66.497873, 18.540172999999996], [-66.500283, 18.540262], [-66.5031, 18.540332000000006], [-66.505512, 18.540437999999995], [-66.507925, 18.540497000000002], [-66.510732, 18.540602000000007], [-66.513508, 18.540687000000005], [-66.516373, 18.540781999999993], [-66.518795, 18.540802], [-66.521592, 18.540873000000005], [-66.52444, 18.540940000000006], [-66.52684, 18.540997000000004], [-66.530037, 18.541082000000003], [-66.532445, 18.541151999999997], [-66.535585, 18.541241999999997], [-66.537995, 18.541287999999994], [-66.540413, 18.541347000000002], [-66.543322, 18.54141], [-66.545735, 18.541472], [-66.552068, 18.541673000000003], [-66.554855, 18.541753], [-66.566023, 18.542367999999996], [-66.569167, 18.542533000000006], [-66.577897, 18.543042], [-66.583083, 18.543307999999996], [-66.585847, 18.543502000000004], [-66.596167, 18.544196999999997], [-66.607635, 18.544996999999995], [-66.665817, 18.548958], [-66.799898, 18.552561999999995], [-66.803268, 18.552684999999997], [-66.808825, 18.552895000000007], [-66.811387, 18.553011999999995], [-66.813958, 18.553078], [-66.817415, 18.553202], [-66.820358, 18.553330000000003], [-66.824637, 18.553458000000006], [-66.83237, 18.553713000000002], [-66.8375, 18.553883], [-66.840068, 18.55399], [-67.138147, 18.565933], [-67.154018, 18.5664], [-67.157688, 18.566033000000004], [-67.169032, 18.563211999999993], [-67.171883, 18.560473], [-67.176655, 18.554036999999994], [-67.178357, 18.551893000000007], [-67.219157, 18.503315], [-67.220972, 18.501247000000006], [-67.226327, 18.495064999999997], [-67.228088, 18.493037], [-67.230165, 18.490612], [-67.231937, 18.488592999999995], [-67.233982, 18.486230000000006], [-67.236005, 18.483852999999996], [-67.240753, 18.478534999999994], [-67.242625, 18.476650000000006], [-67.25497, 18.463598000000005]], "MMSI": 636010094, "DateTime": ["2009/04/24 00:01:59", "2009/04/24 00:04:00", "2009/04/24 00:06:00", "2009/04/24 00:07:00", "2009/04/24 00:08:00", "2009/04/24 00:10:00", "2009/04/24 00:11:00", "2009/04/24 00:11:59", "2009/04/24 00:13:00", "2009/04/24 00:14:00", "2009/04/24 00:14:59", "2009/04/24 00:16:00", "2009/04/24 00:17:00", "2009/04/24 00:19:00", "2009/04/24 00:20:00", "2009/04/24 00:20:59", "2009/04/24 00:21:59", "2009/04/24 00:23:00", "2009/04/24 00:24:00", "2009/04/24 00:24:59", "2009/04/24 00:26:00", "2009/04/24 00:27:00", "2009/04/24 00:29:00", "2009/04/24 00:30:00", "2009/04/24 00:30:59", "2009/04/24 00:32:00", "2009/04/24 00:33:00", "2009/04/24 00:33:59", "2009/04/24 00:35:00", "2009/04/24 00:36:00", "2009/04/24 00:36:59", "2009/04/24 00:37:59", "2009/04/24 00:40:00", "2009/04/24 00:40:59", "2009/04/24 00:42:00", "2009/04/24 00:43:00", "2009/04/24 00:43:59", "2009/04/24 00:45:00", "2009/04/24 00:46:00", "2009/04/24 00:49:00", "2009/04/24 00:49:59", "2009/04/24 00:55:00", "2009/04/24 00:56:00", "2009/04/24 00:59:59", "2009/04/24 01:02:00", "2009/04/24 01:02:59", "2009/04/24 01:06:59", "2009/04/24 01:12:00", "2009/04/24 01:36:00", "2009/04/24 02:29:59", "2009/04/24 02:31:00", "2009/04/24 02:32:59", "2009/04/24 02:34:00", "2009/04/24 02:35:00", "2009/04/24 02:36:59", "2009/04/24 02:38:00", "2009/04/24 02:39:00", "2009/04/24 02:42:59", "2009/04/24 02:45:00", "2009/04/24 02:45:59", "2009/04/24 04:38:00", "2009/04/24 04:43:00", "2009/04/24 04:44:00", "2009/04/24 04:49:00", "2009/04/24 04:50:00", "2009/04/24 04:53:00", "2009/04/24 04:54:00", "2009/04/24 05:16:59", "2009/04/24 05:18:00", "2009/04/24 05:21:00", "2009/04/24 05:22:00", "2009/04/24 05:23:00", "2009/04/24 05:23:59", "2009/04/24 05:25:00", "2009/04/24 05:26:00", "2009/04/24 05:29:00", "2009/04/24 05:29:59", "2009/04/24 05:36:59"]}