{"Geometry": [[-71.535375, 21.492386999999994]], "MMSI": 377909000, "DateTime": ["2009/07/07 19:04:00"]}