{"Geometry": [[-70.310085, 40.259613]], "MMSI": 371836000, "DateTime": ["2009/04/06 14:35:59"]}