{"Geometry": [[-67.908947, 29.081036999999995]], "MMSI": 538002662, "DateTime": ["2009/11/16 04:24:00"]}