{"Geometry": [[-70.38754, -23.068303]], "MMSI": 725000763, "DateTime": ["2009/12/29 13:54:59"]}