{"Geometry": [[-71.741167, 38.410833]], "MMSI": 354632000, "DateTime": ["2009/10/06 01:54:59"]}