{"Geometry": [[-70.839833, 37.128333]], "MMSI": 367759000, "DateTime": ["2009/05/23 17:13:59"]}