{"Geometry": [[-71.844235, -32.129673]], "MMSI": 563825000, "DateTime": ["2009/12/29 13:54:59"]}