{"Geometry": [[-68.015007, 24.191035]], "MMSI": 256442000, "DateTime": ["2009/05/28 10:12:59"]}