{"Geometry": [[-70.255333, 32.166167]], "MMSI": 308562000, "DateTime": ["2009/08/05 17:23:59"]}