{"Geometry": [[-69.85849, 23.827517]], "MMSI": 311449000, "DateTime": ["2009/02/04 19:09:59"]}