{"Geometry": [[-70.811657, 39.87145699999999]], "MMSI": 538002059, "DateTime": ["2009/01/21 01:18:00"]}