{"Geometry": [[-71.938468, 37.551581999999996]], "MMSI": 248819000, "DateTime": ["2009/05/27 23:51:59"]}