{"Geometry": [[-67.149083, 19.399783]], "MMSI": 538002060, "DateTime": ["2009/12/02 04:20:00"]}