{"Geometry": [[-66.034433, 30.591449999999995]], "MMSI": 371172000, "DateTime": ["2009/01/17 03:11:00"]}