{"Geometry": [[-66.013, 16.944333], [-66.042667, 16.930499999999995], [-66.054667, 16.924499999999995], [-66.1695, 16.864333000000002], [-66.186167, 16.855500000000006], [-66.1985, 16.849000000000004], [-66.202833, 16.846666999999997], [-66.222333, 16.8365], [-66.2385, 16.828000000000003], [-66.247667, 16.822999999999993], [-66.254167, 16.819500000000005], [-66.264333, 16.813999999999993], [-66.267667, 16.812332999999995], [-66.271833, 16.810000000000002], [-66.28, 16.805667], [-66.283667, 16.803832999999997], [-66.288167, 16.801500000000004], [-66.319667, 16.784999999999997], [-66.353, 16.768167000000005], [-66.365833, 16.761667000000003], [-66.4235, 16.733000000000004], [-66.460167, 16.7145], [-66.463833, 16.712666999999996], [-66.4765, 16.706333], [-66.483, 16.703166999999993], [-66.533167, 16.678167000000002], [-66.58, 16.654832999999996], [-66.5885, 16.650667], [-66.595833, 16.647166999999996], [-66.599167, 16.6455], [-66.629667, 16.630167], [-66.633333, 16.628167000000005], [-66.637833, 16.626000000000005], [-66.641167, 16.624332999999993], [-66.6455, 16.622], [-66.648833, 16.620333000000002], [-66.652167, 16.618667000000002], [-66.655333, 16.617000000000004], [-66.658667, 16.615333000000007], [-66.662, 16.613667000000007], [-66.666, 16.611666999999997], [-66.673, 16.608166999999995], [-66.677, 16.606167], [-66.680333, 16.6045], [-66.684167, 16.602500000000006], [-66.688, 16.600499999999997], [-66.6995, 16.594667], [-66.720333, 16.584166999999994], [-66.729167, 16.579499999999996], [-66.7355, 16.576333000000005], [-66.752167, 16.567667], [-66.807667, 16.5385], [-66.812333, 16.536167000000006], [-66.835, 16.524167000000006], [-66.838333, 16.522333000000003], [-66.8435, 16.519667], [-66.8545, 16.513833000000005], [-66.859, 16.511499999999998], [-66.8625, 16.509666999999993], [-66.866167, 16.507833000000005], [-66.870167, 16.505667000000003], [-66.878167, 16.501499999999993], [-66.881667, 16.499667000000002], [-66.920167, 16.479833], [-66.927833, 16.476], [-67.012667, 16.433333000000005], [-67.019, 16.430166999999997], [-67.040167, 16.4195], [-67.043667, 16.417666999999994], [-67.048833, 16.415166999999997], [-67.053333, 16.412833000000006], [-67.068833, 16.405167000000006], [-67.080667, 16.399167000000006], [-67.280833, 16.296999999999997], [-67.306167, 16.284166999999997], [-67.340833, 16.266166999999996], [-67.344667, 16.264167], [-67.367333, 16.252499999999998], [-67.400667, 16.235500000000002], [-67.418833, 16.226]], "MMSI": 636012573, "DateTime": ["2009/04/06 16:40:00", "2009/04/06 16:49:00", "2009/04/06 16:53:00", "2009/04/06 17:29:00", "2009/04/06 17:35:00", "2009/04/06 17:38:00", "2009/04/06 17:39:59", "2009/04/06 17:45:59", "2009/04/06 17:51:00", "2009/04/06 17:54:00", "2009/04/06 17:55:59", "2009/04/06 17:58:59", "2009/04/06 18:00:00", "2009/04/06 18:01:00", "2009/04/06 18:04:00", "2009/04/06 18:04:59", "2009/04/06 18:06:00", "2009/04/06 18:16:00", "2009/04/06 18:26:00", "2009/04/06 18:30:00", "2009/04/06 18:48:00", "2009/04/06 18:59:00", "2009/04/06 19:01:00", "2009/04/06 19:04:00", "2009/04/06 19:05:59", "2009/04/06 19:21:59", "2009/04/06 19:36:00", "2009/04/06 19:38:00", "2009/04/06 19:40:00", "2009/04/06 19:41:00", "2009/04/06 19:50:59", "2009/04/06 19:51:59", "2009/04/06 19:53:00", "2009/04/06 19:54:00", "2009/04/06 19:54:59", "2009/04/06 19:56:00", "2009/04/06 19:57:00", "2009/04/06 19:57:59", "2009/04/06 19:59:00", "2009/04/06 20:00:00", "2009/04/06 20:02:00", "2009/04/06 20:03:59", "2009/04/06 20:05:00", "2009/04/06 20:06:00", "2009/04/06 20:06:59", "2009/04/06 20:07:59", "2009/04/06 20:12:00", "2009/04/06 20:18:00", "2009/04/06 20:21:00", "2009/04/06 20:22:00", "2009/04/06 20:26:59", "2009/04/06 20:44:00", "2009/04/06 20:45:00", "2009/04/06 20:51:59", "2009/04/06 20:52:59", "2009/04/06 20:54:00", "2009/04/06 20:58:00", "2009/04/06 20:58:59", "2009/04/06 21:00:00", "2009/04/06 21:01:00", "2009/04/06 21:01:59", "2009/04/06 21:04:00", "2009/04/06 21:04:59", "2009/04/06 21:16:00", "2009/04/06 21:19:00", "2009/04/06 21:43:00", "2009/04/06 21:43:59", "2009/04/06 21:51:00", "2009/04/06 21:52:00", "2009/04/06 21:53:00", "2009/04/06 21:53:59", "2009/04/06 21:59:00", "2009/04/06 22:02:00", "2009/04/06 23:00:59", "2009/04/06 23:07:59", "2009/04/06 23:18:00", "2009/04/06 23:19:59", "2009/04/06 23:26:00", "2009/04/06 23:35:59", "2009/04/06 23:41:00"]}