{"Geometry": [[-68.481128, 42.833782000000014]], "MMSI": 304534000, "DateTime": ["2009/11/05 01:15:00"]}