{"Geometry": [[-67.33605, 17.815766999999994], [-67.243867, 17.761933], [-67.2236, 17.750883], [-67.217283, 17.747517000000002], [-67.2016, 17.739132999999995], [-67.192767, 17.734466999999995], [-67.186383, 17.731082999999998], [-67.178133, 17.726667000000006], [-67.171767, 17.723167000000004], [-67.167217, 17.720782999999997], [-67.1591, 17.716350000000006], [-67.153067, 17.713116999999997], [-67.140617, 17.70635], [-67.11875, 17.694500000000005], [-67.100667, 17.684883], [-67.0974, 17.683082999999996], [-67.08865, 17.678282999999993], [-67.0827, 17.67505], [-67.0789, 17.672766999999993], [-67.066817, 17.666483], [-67.061283, 17.663533], [-67.058, 17.661783], [-67.048717, 17.656800000000004], [-67.041117, 17.652783], [-67.036183, 17.650132999999997], [-67.03125, 17.647333000000003], [-67.028, 17.645567], [-67.024683, 17.643766999999997], [-67.0125, 17.637232999999995], [-67.0091, 17.635317], [-67.0058, 17.6336], [-67.0018, 17.631500000000003], [-66.997917, 17.629383000000004], [-66.994767, 17.627683000000005], [-66.989433, 17.624633000000003], [-66.9862, 17.6229], [-66.977383, 17.618217], [-66.973117, 17.615866999999994], [-66.937317, 17.597082999999998], [-66.92965, 17.593132999999995], [-66.921283, 17.588832999999994], [-66.91625, 17.586117], [-66.904017, 17.579583], [-66.900183, 17.577567000000002], [-66.896417, 17.575532999999993], [-66.890717, 17.572467000000003], [-66.884733, 17.569199999999995], [-66.880783, 17.567032999999995], [-66.87335, 17.563000000000002], [-66.867217, 17.559667000000005], [-66.854133, 17.552566999999996], [-66.842633, 17.546300000000002], [-66.831883, 17.540417000000005], [-66.826567, 17.53765], [-66.815, 17.531367000000003], [-66.80135, 17.524182999999994], [-66.790183, 17.518299999999996], [-66.78705, 17.516599999999997], [-66.7839, 17.514799999999994], [-66.774917, 17.510116999999994], [-66.7717, 17.508449999999996], [-66.76245, 17.503649999999993], [-66.7582, 17.501450000000006], [-66.75515, 17.499866999999995], [-66.730083, 17.487032999999997], [-66.698167, 17.470316999999994], [-66.691833, 17.467], [-66.67535, 17.457966999999996], [-66.667383, 17.453716999999997], [-66.660433, 17.44995], [-66.655067, 17.447100000000006], [-66.651883, 17.445417000000006], [-66.640817, 17.4396], [-66.610117, 17.423182999999995], [-66.587483, 17.410933], [-66.556517, 17.3938], [-66.546467, 17.388166999999996], [-66.53885, 17.384017], [-66.490517, 17.357699999999994], [-66.374883, 17.277033000000003]], "MMSI": 635015800, "DateTime": ["2009/05/10 16:30:00", "2009/05/10 16:59:00", "2009/05/10 17:05:00", "2009/05/10 17:06:59", "2009/05/10 17:12:00", "2009/05/10 17:15:00", "2009/05/10 17:16:59", "2009/05/10 17:19:00", "2009/05/10 17:21:00", "2009/05/10 17:23:00", "2009/05/10 17:25:00", "2009/05/10 17:26:59", "2009/05/10 17:31:00", "2009/05/10 17:36:59", "2009/05/10 17:42:59", "2009/05/10 17:44:00", "2009/05/10 17:47:00", "2009/05/10 17:48:00", "2009/05/10 17:50:00", "2009/05/10 17:52:59", "2009/05/10 17:55:00", "2009/05/10 17:55:59", "2009/05/10 17:58:59", "2009/05/10 18:01:00", "2009/05/10 18:03:00", "2009/05/10 18:04:00", "2009/05/10 18:04:59", "2009/05/10 18:06:00", "2009/05/10 18:10:00", "2009/05/10 18:11:00", "2009/05/10 18:11:59", "2009/05/10 18:13:00", "2009/05/10 18:14:00", "2009/05/10 18:14:59", "2009/05/10 18:17:00", "2009/05/10 18:17:59", "2009/05/10 18:20:00", "2009/05/10 18:21:59", "2009/05/10 18:33:00", "2009/05/10 18:35:00", "2009/05/10 18:36:59", "2009/05/10 18:39:00", "2009/05/10 18:43:00", "2009/05/10 18:43:59", "2009/05/10 18:45:00", "2009/05/10 18:46:59", "2009/05/10 18:48:00", "2009/05/10 18:49:59", "2009/05/10 18:52:00", "2009/05/10 18:53:59", "2009/05/10 18:58:00", "2009/05/10 19:01:00", "2009/05/10 19:05:00", "2009/05/10 19:05:59", "2009/05/10 19:09:59", "2009/05/10 19:14:00", "2009/05/10 19:18:00", "2009/05/10 19:18:59", "2009/05/10 19:20:00", "2009/05/10 19:21:59", "2009/05/10 19:22:59", "2009/05/10 19:25:59", "2009/05/10 19:28:00", "2009/05/10 19:28:59", "2009/05/10 19:36:00", "2009/05/10 19:46:00", "2009/05/10 19:47:59", "2009/05/10 19:54:00", "2009/05/10 19:56:00", "2009/05/10 19:57:59", "2009/05/10 20:00:00", "2009/05/10 20:00:59", "2009/05/10 20:03:59", "2009/05/10 20:13:59", "2009/05/10 20:21:00", "2009/05/10 20:31:00", "2009/05/10 20:34:00", "2009/05/10 20:35:59", "2009/05/10 20:51:00", "2009/05/10 21:30:59"]}