{"Geometry": [[-71.997808, 41.493112999999994]], "MMSI": 351996000, "DateTime": ["2009/10/31 07:28:00"]}