{"Geometry": [[-71.905377, 34.888795]], "MMSI": 477983000, "DateTime": ["2009/12/07 18:58:00"]}