{"Geometry": [[-68.800773, 36.574872]], "MMSI": 417222262, "DateTime": ["2009/01/12 08:07:59"]}