{"Geometry": [[-71.353442, 40.52484999999999], [-71.548675, 40.51573300000001], [-71.611837, 40.517083000000014], [-71.616337, 40.517267000000004], [-71.6245, 40.51743300000001], [-71.632667, 40.51743300000001], [-71.637833, 40.51745], [-71.649665, 40.517617], [-71.655498, 40.517618], [-71.66, 40.51759999999999], [-71.666828, 40.51776799999999], [-71.669832, 40.51759799999999], [-71.67433, 40.51763500000001], [-71.678827, 40.517617], [-71.683162, 40.517785], [-71.68933, 40.51775000000001], [-71.694495, 40.51775000000001], [-71.699012, 40.51776799999999], [-71.704325, 40.517618], [-71.708827, 40.517785], [-71.71316, 40.51778300000001], [-71.719323, 40.51776799999999], [-71.723992, 40.51778300000001], [-71.728508, 40.517752], [-71.733175, 40.51775000000001], [-71.738508, 40.51776699999999], [-71.74384, 40.51776699999999], [-71.748323, 40.51778300000001], [-71.753157, 40.517967999999996], [-71.757673, 40.518100000000004], [-71.762338, 40.518100000000004], [-71.767657, 40.51811799999999], [-71.77234, 40.51825199999999], [-71.777652, 40.51843500000001], [-71.782502, 40.51843299999999], [-71.788002, 40.518752000000006], [-71.792668, 40.51878300000001], [-71.797335, 40.518968], [-71.802168, 40.51926700000001], [-71.806837, 40.519452], [-71.811502, 40.51960199999999], [-71.816835, 40.51978299999999], [-71.821667, 40.51978299999999], [-71.826332, 40.51998499999999], [-71.830998, 40.52026699999999], [-71.835665, 40.52026699999999], [-71.84033, 40.520453], [-71.845832, 40.52058500000001], [-71.850497, 40.520768000000004], [-71.855178, 40.520917], [-71.860012, 40.520848], [-71.865493, 40.52083300000001], [-71.870158, 40.52066500000001], [-71.874825, 40.52051700000001], [-71.87966, 40.520331999999996], [-71.884342, 40.520182000000005], [-71.889175, 40.52003300000001], [-71.894677, 40.520016999999996], [-71.899342, 40.51983200000001], [-71.904173, 40.519682999999986], [-71.909007, 40.519498], [-71.91367, 40.51933299999999], [-71.919172, 40.519183], [-71.923838, 40.51901699999999], [-71.928505, 40.51903300000001], [-71.934005, 40.518832], [-71.93867, 40.518665], [-71.943505, 40.518517], [-71.948337, 40.51833199999999], [-71.95317, 40.518167000000005], [-71.958003, 40.518016999999986], [-71.962668, 40.51785000000001], [-71.967502, 40.51769999999999], [-71.972998, 40.51766699999999], [-71.977833, 40.51734999999999], [-71.982667, 40.51718299999999], [-71.9875, 40.516999999999996], [-71.992167, 40.516831999999994], [-71.997, 40.51666499999999]], "MMSI": 538090275, "DateTime": ["2009/12/16 15:46:00", "2009/12/16 16:31:59", "2009/12/16 16:46:00", "2009/12/16 16:47:00", "2009/12/16 16:49:00", "2009/12/16 16:50:59", "2009/12/16 16:51:59", "2009/12/16 16:54:00", "2009/12/16 16:56:00", "2009/12/16 16:57:00", "2009/12/16 16:57:59", "2009/12/16 16:59:00", "2009/12/16 17:00:00", "2009/12/16 17:00:59", "2009/12/16 17:02:00", "2009/12/16 17:03:00", "2009/12/16 17:03:59", "2009/12/16 17:05:00", "2009/12/16 17:06:59", "2009/12/16 17:07:59", "2009/12/16 17:09:00", "2009/12/16 17:10:00", "2009/12/16 17:10:59", "2009/12/16 17:12:00", "2009/12/16 17:13:00", "2009/12/16 17:13:59", "2009/12/16 17:15:00", "2009/12/16 17:16:00", "2009/12/16 17:16:59", "2009/12/16 17:18:00", "2009/12/16 17:19:00", "2009/12/16 17:19:59", "2009/12/16 17:21:00", "2009/12/16 17:23:00", "2009/12/16 17:23:59", "2009/12/16 17:25:00", "2009/12/16 17:26:00", "2009/12/16 17:26:59", "2009/12/16 17:28:00", "2009/12/16 17:29:00", "2009/12/16 17:29:59", "2009/12/16 17:31:00", "2009/12/16 17:32:00", "2009/12/16 17:32:59", "2009/12/16 17:34:00", "2009/12/16 17:35:00", "2009/12/16 17:35:59", "2009/12/16 17:36:59", "2009/12/16 17:38:00", "2009/12/16 17:39:00", "2009/12/16 17:39:59", "2009/12/16 17:41:00", "2009/12/16 17:42:00", "2009/12/16 17:42:59", "2009/12/16 17:44:00", "2009/12/16 17:45:00", "2009/12/16 17:45:59", "2009/12/16 17:47:00", "2009/12/16 17:48:00", "2009/12/16 17:48:59", "2009/12/16 17:50:00", "2009/12/16 17:51:00", "2009/12/16 17:52:59", "2009/12/16 17:54:00", "2009/12/16 17:55:00", "2009/12/16 17:55:59", "2009/12/16 17:57:00", "2009/12/16 17:58:00", "2009/12/16 17:58:59", "2009/12/16 18:00:00", "2009/12/16 18:01:00", "2009/12/16 18:01:59", "2009/12/16 18:03:00", "2009/12/16 18:04:00", "2009/12/16 18:04:59", "2009/12/16 18:06:00", "2009/12/16 18:07:00", "2009/12/16 18:08:00", "2009/12/16 18:08:59"]}