{"Geometry": [[-71.051335, 28.680021999999994]], "MMSI": 563871000, "DateTime": ["2009/07/18 16:53:00"]}