{"Geometry": [[-71.866643, 31.689194999999998]], "MMSI": 563871000, "DateTime": ["2009/11/26 11:58:00"]}