{"Geometry": [[-70.786367, 38.878682999999995]], "MMSI": 258972000, "DateTime": ["2009/01/03 04:43:00"]}