{"Geometry": [[-67.749612, 17.805305000000004]], "MMSI": 477600200, "DateTime": ["2009/04/26 06:52:00"]}