{"Geometry": [[-70.83121, 24.871852000000004]], "MMSI": 563934000, "DateTime": ["2009/11/19 05:38:00"]}