{"Geometry": [[-67.107353, 49.648030000000006]], "MMSI": 311583000, "DateTime": ["2009/02/09 07:14:00"]}