{"Geometry": [[-67.366768, 7.456513000000001]], "MMSI": 311583000, "DateTime": ["2009/01/19 06:33:00"]}