{"Geometry": [[-71.789545, 29.620907000000003]], "MMSI": 366766840, "DateTime": ["2009/12/30 21:36:59"]}