{"Geometry": [[-68.191462, 32.696803]], "MMSI": 309578000, "DateTime": ["2009/12/06 11:31:00"]}