{"Geometry": [[-71.958517, 37.189417000000006]], "MMSI": 240276000, "DateTime": ["2009/07/28 12:26:00"]}