{"Geometry": [[-71.98695, 37.249217]], "MMSI": 240276000, "DateTime": ["2009/10/12 08:38:00"]}