{"Geometry": [[-66.462398, 19.164102]], "MMSI": 306126000, "DateTime": ["2009/01/12 19:54:00"]}