{"Geometry": [[-71.515388, -32.762932]], "MMSI": 538003334, "DateTime": ["2009/12/29 13:56:00"]}