{"Geometry": [[-71.690067, 40.08132499999999]], "MMSI": 538003334, "DateTime": ["2009/01/17 11:06:00"]}