{"Geometry": [[-68.12887, 23.866829999999993]], "MMSI": 209534000, "DateTime": ["2009/11/13 08:12:00"]}