{"Geometry": [[-66.789455, 50.031577]], "MMSI": 316013091, "DateTime": ["2009/12/29 17:35:00"]}