{"Geometry": [[-68.071567, 17.271817]], "MMSI": 351110000, "DateTime": ["2009/09/17 20:42:00"]}