{"Geometry": [[-66.16255, 18.684717000000006]], "MMSI": 319452000, "DateTime": ["2009/08/10 23:13:59"]}