{"Geometry": [[-71.570125, -32.791903]], "MMSI": 725017300, "DateTime": ["2009/12/29 13:57:00"]}