{"Geometry": [[-71.211197, 46.82225700000001]], "MMSI": 316007865, "DateTime": ["2009/12/29 17:36:59"]}