{"Geometry": [[-70.25163, 38.81760700000001]], "MMSI": 636091351, "DateTime": ["2009/03/23 00:14:59"]}