{"Geometry": [[-67.868483, 34.560867]], "MMSI": 338781000, "DateTime": ["2009/06/02 04:28:00"]}