{"Geometry": [[-69.420517, 33.753150000000005]], "MMSI": 338781000, "DateTime": ["2009/11/26 13:18:00"]}