{"Geometry": [[-69.899615, 25.770015]], "MMSI": 319001300, "DateTime": ["2009/02/27 18:59:00"]}