{"Geometry": [[-70.23075, 38.79785000000001]], "MMSI": 352985000, "DateTime": ["2009/12/29 02:16:00"]}