{"Geometry": [[-68.197517, 18.517399999999995]], "MMSI": 565363000, "DateTime": ["2009/03/25 03:23:00"]}