{"Geometry": [[-68.36427, 18.001242000000005]], "MMSI": 636090654, "DateTime": ["2009/12/31 18:01:59"]}