{"Geometry": [[-70.804723, 35.966477999999995]], "MMSI": 265492000, "DateTime": ["2009/12/28 16:18:59"]}