{"Geometry": [[-67.403782, 18.079763], [-67.403752, 18.079767000000004], [-67.4038, 18.079786999999996], [-67.403757, 18.079745000000003], [-67.403758, 18.079772000000006], [-67.403785, 18.079797999999997], [-67.403768, 18.079786999999996], [-67.403753, 18.079768], [-67.403752, 18.079792999999995], [-67.40371, 18.079797999999997], [-67.403742, 18.079768], [-67.403853, 18.079722000000004], [-67.403845, 18.079712999999998], [-67.403817, 18.079657999999995], [-67.403882, 18.079688000000004], [-67.403913, 18.079674999999995], [-67.403893, 18.079642000000007], [-67.403932, 18.079620000000006], [-67.403982, 18.079622999999998], [-67.40408, 18.079611999999997], [-67.40427, 18.079629999999995], [-67.404298, 18.079657999999995], [-67.404277, 18.079634999999996], [-67.404302, 18.079612999999995], [-67.404277, 18.079594999999998], [-67.404298, 18.079553000000004], [-67.404298, 18.079577], [-67.4043, 18.079572], [-67.404263, 18.079606999999996], [-67.404215, 18.07969], [-67.404205, 18.079656999999997], [-67.404257, 18.079662999999996], [-67.404217, 18.07969], [-67.40421, 18.079665000000006], [-67.404257, 18.079679999999996], [-67.404208, 18.079696999999996], [-67.404205, 18.079674999999995], [-67.404238, 18.079637000000005], [-67.404257, 18.079628], [-67.404258, 18.079642000000007], [-67.404238, 18.079672000000002], [-67.404265, 18.079657999999995], [-67.404242, 18.079624999999993], [-67.404263, 18.079684999999998], [-67.404228, 18.079662999999996], [-67.40425, 18.079648000000006], [-67.404263, 18.079610000000002], [-67.404323, 18.079594999999998], [-67.40426, 18.0796], [-67.404298, 18.079572999999996], [-67.404268, 18.079617999999996], [-67.404278, 18.079662999999996], [-67.404292, 18.079624999999993], [-67.404288, 18.079598000000004], [-67.404282, 18.079622999999998], [-67.404272, 18.079611999999997], [-67.404292, 18.079617999999996], [-67.404278, 18.079655000000002], [-67.404238, 18.079696999999996], [-67.40426, 18.079660000000004], [-67.404272, 18.079667999999998], [-67.404225, 18.079714999999993], [-67.404252, 18.079688000000004], [-67.4042, 18.079712999999998], [-67.40423, 18.079727000000005], [-67.404243, 18.079727000000005], [-67.404345, 18.079757999999998], [-67.404347, 18.07983], [-67.404408, 18.079750000000004], [-67.404438, 18.079763], [-67.404452, 18.079750000000004], [-67.404457, 18.079745000000003], [-67.404447, 18.079767000000004], [-67.404473, 18.079757], [-67.404463, 18.079781999999994], [-67.404465, 18.079812000000004]], "MMSI": 371724000, "DateTime": ["2009/08/13 05:26:59", "2009/08/13 05:29:59", "2009/08/13 05:32:59", "2009/08/13 05:39:00", "2009/08/13 05:42:00", "2009/08/13 05:45:00", "2009/08/13 05:48:00", "2009/08/13 05:51:00", "2009/08/13 05:54:00", "2009/08/13 05:57:00", "2009/08/13 06:03:00", "2009/08/13 06:11:59", "2009/08/13 06:14:59", "2009/08/13 06:17:59", "2009/08/13 06:20:59", "2009/08/13 06:24:00", "2009/08/13 06:27:00", "2009/08/13 06:33:00", "2009/08/13 06:36:00", "2009/08/13 06:39:00", "2009/08/13 06:43:00", "2009/08/13 06:45:00", "2009/08/13 06:48:00", "2009/08/13 06:51:00", "2009/08/13 06:53:59", "2009/08/13 06:56:59", "2009/08/13 06:59:59", "2009/08/13 07:02:59", "2009/08/13 07:05:59", "2009/08/13 07:09:00", "2009/08/13 07:12:00", "2009/08/13 07:15:00", "2009/08/13 07:18:00", "2009/08/13 07:21:00", "2009/08/13 07:24:00", "2009/08/13 07:27:00", "2009/08/13 07:30:00", "2009/08/13 07:33:00", "2009/08/13 07:36:00", "2009/08/13 07:38:59", "2009/08/13 07:41:59", "2009/08/13 07:47:59", "2009/08/13 07:50:59", "2009/08/13 07:54:00", "2009/08/13 07:57:00", "2009/08/13 08:00:00", "2009/08/13 08:03:00", "2009/08/13 08:06:00", "2009/08/13 08:09:00", "2009/08/13 08:12:00", "2009/08/13 08:15:00", "2009/08/13 08:18:00", "2009/08/13 08:21:00", "2009/08/13 08:23:59", "2009/08/13 08:26:59", "2009/08/13 08:29:59", "2009/08/13 08:32:59", "2009/08/13 08:35:59", "2009/08/13 08:39:00", "2009/08/13 08:42:00", "2009/08/13 08:45:00", "2009/08/13 08:48:00", "2009/08/13 08:51:00", "2009/08/13 08:54:00", "2009/08/13 08:57:00", "2009/08/13 09:00:00", "2009/08/13 09:06:00", "2009/08/13 09:08:59", "2009/08/13 09:11:59", "2009/08/13 09:14:59", "2009/08/13 09:17:59", "2009/08/13 09:20:59", "2009/08/13 09:24:00", "2009/08/13 09:27:00", "2009/08/13 09:30:00", "2009/08/13 09:36:00"]}