{"Geometry": [[-66.15853, 17.304175]], "MMSI": 576118000, "DateTime": ["2009/08/22 13:46:00"]}