{"Geometry": [[-71.129568, 40.028852]], "MMSI": 212085000, "DateTime": ["2009/12/05 20:41:00"]}