{"Geometry": [[-69.408247, 26.095222000000007]], "MMSI": 311428000, "DateTime": ["2009/10/29 14:58:59"]}