{"Geometry": [[-66.032333, 15.782032999999998]], "MMSI": 636014285, "DateTime": ["2009/12/21 09:59:00"]}