{"Geometry": [[-71.871883, 31.273117]], "MMSI": 538090310, "DateTime": ["2009/03/05 08:15:00"]}