{"Geometry": [[-70.739342, 39.16875200000001], [-70.749723, 39.17282], [-70.857487, 39.21347299999999], [-70.971162, 39.259694999999994], [-70.992182, 39.268302000000006], [-71.05303, 39.29369], [-71.107707, 39.315991999999994], [-71.159378, 39.335757], [-71.168712, 39.33922200000001], [-71.178827, 39.342938000000004], [-71.189065, 39.34670700000001], [-71.27438, 39.379092000000014], [-71.296957, 39.3879], [-71.321398, 39.39753200000001], [-71.33167, 39.401702], [-71.345878, 39.407565000000005], [-71.352355, 39.41024200000001], [-71.35886, 39.41292200000001], [-71.379948, 39.421718], [-71.386775, 39.42455000000001], [-71.423428, 39.43991], [-71.429792, 39.44258300000001], [-71.44462, 39.44887299999999], [-71.451087, 39.45162300000001], [-71.454783, 39.45318499999999], [-71.541928, 39.490835000000004], [-71.549392, 39.493967999999995], [-71.570652, 39.50303299999999], [-71.575588, 39.505134999999996], [-71.581502, 39.507688], [-71.586457, 39.509815], [-71.592408, 39.512395], [-71.598848, 39.51522], [-71.607183, 39.518913], [-71.61424, 39.52205699999999], [-71.623522, 39.526193000000006], [-71.644755, 39.53565800000001], [-71.672205, 39.54737700000001], [-71.677362, 39.54961800000001], [-71.685617, 39.55323000000001], [-71.691762, 39.555857], [-71.69695, 39.558099999999996], [-71.706975, 39.562347999999986], [-71.715155, 39.565977000000004], [-71.726405, 39.57132200000001], [-71.727413, 39.57181], [-71.73345, 39.57471699999999], [-71.739443, 39.577613000000014], [-71.749413, 39.58242200000001], [-71.756893, 39.586017999999996], [-71.766372, 39.590608], [-71.771343, 39.593042], [-71.773333, 39.59401299999999], [-71.780807, 39.59767199999999], [-71.785303, 39.59987699999999], [-71.790807, 39.60259300000001], [-71.797865, 39.60600500000001], [-71.803387, 39.608701999999994], [-71.810385, 39.612122], [-71.815363, 39.61458999999999], [-71.821322, 39.61756299999999], [-71.826777, 39.620273], [-71.8388, 39.62610000000001], [-71.843963, 39.628445], [-71.851755, 39.63207], [-71.886268, 39.64694299999999], [-71.902738, 39.65384800000001], [-71.908842, 39.65629799999999], [-71.913867, 39.65827300000001], [-71.923883, 39.662127], [-71.930715, 39.664761999999996], [-71.939695, 39.668068000000005], [-71.949548, 39.67150799999999], [-71.955885, 39.67373699999999], [-71.962223, 39.675967000000014], [-71.965098, 39.676979999999986], [-71.970277, 39.67879300000001], [-71.976627, 39.68099000000001], [-71.990563, 39.685824999999994], [-71.99639, 39.687837]], "MMSI": 205493000, "DateTime": ["2009/01/04 18:40:00", "2009/01/04 18:43:00", "2009/01/04 19:05:00", "2009/01/04 19:30:00", "2009/01/04 19:34:59", "2009/01/04 19:47:59", "2009/01/04 19:59:00", "2009/01/04 20:09:00", "2009/01/04 20:10:00", "2009/01/04 20:12:00", "2009/01/04 20:13:59", "2009/01/04 20:28:00", "2009/01/04 20:31:00", "2009/01/04 20:35:00", "2009/01/04 20:36:59", "2009/01/04 20:39:00", "2009/01/04 20:39:59", "2009/01/04 20:42:00", "2009/01/04 20:45:00", "2009/01/04 20:45:59", "2009/01/04 20:52:59", "2009/01/04 20:54:00", "2009/01/04 20:57:00", "2009/01/04 20:58:00", "2009/01/04 20:58:59", "2009/01/04 21:17:00", "2009/01/04 21:17:59", "2009/01/04 21:23:00", "2009/01/04 21:24:00", "2009/01/04 21:24:59", "2009/01/04 21:26:00", "2009/01/04 21:27:00", "2009/01/04 21:27:59", "2009/01/04 21:30:00", "2009/01/04 21:30:59", "2009/01/04 21:33:00", "2009/01/04 21:36:59", "2009/01/04 21:43:00", "2009/01/04 21:43:59", "2009/01/04 21:45:00", "2009/01/04 21:46:59", "2009/01/04 21:48:00", "2009/01/04 21:49:00", "2009/01/04 21:51:00", "2009/01/04 21:52:00", "2009/01/04 21:53:59", "2009/01/04 21:55:00", "2009/01/04 21:56:00", "2009/01/04 21:58:00", "2009/01/04 21:59:00", "2009/01/04 22:01:00", "2009/01/04 22:02:00", "2009/01/04 22:02:59", "2009/01/04 22:04:00", "2009/01/04 22:05:00", "2009/01/04 22:05:59", "2009/01/04 22:08:00", "2009/01/04 22:09:00", "2009/01/04 22:09:59", "2009/01/04 22:11:00", "2009/01/04 22:12:00", "2009/01/04 22:12:59", "2009/01/04 22:15:59", "2009/01/04 22:17:00", "2009/01/04 22:18:00", "2009/01/04 22:25:00", "2009/01/04 22:27:00", "2009/01/04 22:28:00", "2009/01/04 22:30:00", "2009/01/04 22:31:00", "2009/01/04 22:33:00", "2009/01/04 22:34:00", "2009/01/04 22:34:59", "2009/01/04 22:36:00", "2009/01/04 22:38:00", "2009/01/04 22:38:59", "2009/01/04 22:40:00", "2009/01/04 22:41:00", "2009/01/04 22:43:00", "2009/01/04 22:44:00"]}