{"Geometry": [[-71.98055, 32.443117]], "MMSI": 352438000, "DateTime": ["2009/04/25 18:29:00"]}