{"Geometry": [[-69.363248, 28.420766999999998]], "MMSI": 367308970, "DateTime": ["2009/12/31 12:30:59"]}