{"Geometry": [[-68.04535, 42.91663299999999]], "MMSI": 538002408, "DateTime": ["2009/01/05 08:36:59"]}