{"Geometry": [[-71.31425, 40.392300000000006]], "MMSI": 538002408, "DateTime": ["2009/10/16 00:00:00"]}