{"Geometry": [[-69.79435, 33.675392]], "MMSI": 548206000, "DateTime": ["2009/02/17 07:15:59"]}