{"Geometry": [[-69.045617, 37.658100000000005]], "MMSI": 237827000, "DateTime": ["2009/01/03 01:27:00"]}