{"Geometry": [[-71.99375, 37.21525]], "MMSI": 237827000, "DateTime": ["2009/09/02 14:42:59"]}