{"Geometry": [[-71.916133, -33.168717]], "MMSI": 725019000, "DateTime": ["2009/12/29 13:54:59"]}