{"Geometry": [[-71.862432, 36.89385]], "MMSI": 353059000, "DateTime": ["2009/08/22 00:23:00"]}