{"Geometry": [[-71.117952, 38.609195]], "MMSI": 353059000, "DateTime": ["2009/01/30 00:33:00"]}