{"Geometry": [[-69.888593, 37.037043]], "MMSI": 353059000, "DateTime": ["2009/10/23 01:37:00"]}