{"Geometry": [[-71.964883, 37.198567]], "MMSI": 367136710, "DateTime": ["2009/11/17 23:57:00"]}