{"Geometry": [[-66.844585, 41.18973700000001]], "MMSI": 212527000, "DateTime": ["2009/01/03 18:08:59"]}