{"Geometry": [[-71.967698, 40.13032000000001]], "MMSI": 477071700, "DateTime": ["2009/10/08 07:49:00"]}