{"Geometry": [[-71.479933, 37.01090000000001]], "MMSI": 240498000, "DateTime": ["2009/12/13 08:45:59"]}