{"Geometry": [[-67.23496, 15.970849999999999]], "MMSI": 235006400, "DateTime": ["2009/09/28 01:36:00"]}