{"Geometry": [[-68.785257, 28.460027999999994]], "MMSI": 311931000, "DateTime": ["2009/07/18 14:48:59"]}