{"Geometry": [[-69.927815, 29.10678]], "MMSI": 636091089, "DateTime": ["2009/03/13 20:22:00"]}