{"Geometry": [[-69.817898, 23.279591999999994]], "MMSI": 370839000, "DateTime": ["2009/11/09 19:53:00"]}