{"Geometry": [[-67.226225, 27.057412]], "MMSI": 636012381, "DateTime": ["2009/12/10 11:47:00"]}