{"Geometry": [[-71.951638, 33.919340000000005]], "MMSI": 636012381, "DateTime": ["2009/05/09 04:44:00"]}