{"Geometry": [[-71.592738, 10.770178000000001]], "MMSI": 218702000, "DateTime": ["2009/10/12 19:40:00"]}