{"Geometry": [[-68.98762, 32.617222]], "MMSI": 304675000, "DateTime": ["2009/08/30 06:42:00"]}