{"Geometry": [[-71.301205, 34.648483]], "MMSI": 304675000, "DateTime": ["2009/09/27 06:43:00"]}