{"Geometry": [[-71.843317, 39.185417]], "MMSI": 372007000, "DateTime": ["2009/12/17 22:46:00"]}