{"Geometry": [[-66.508453, 17.784229999999994], [-66.50606, 17.783207000000004], [-66.503222, 17.782141999999993], [-66.500385, 17.781111999999993], [-66.498005, 17.780068], [-66.495168, 17.779115000000004], [-66.49277, 17.778138], [-66.488738, 17.776618], [-66.486323, 17.775728], [-66.483502, 17.77458], [-66.480197, 17.773402000000004], [-66.477493, 17.772239999999996], [-66.474563, 17.771176999999994], [-66.472135, 17.770303], [-66.469017, 17.768957], [-66.465297, 17.767681999999994], [-66.46291, 17.76666], [-66.458393, 17.765029999999996], [-66.456005, 17.764044999999996], [-66.453207, 17.762941999999995], [-66.45043, 17.761898000000002], [-66.447662, 17.760712999999996], [-66.445227, 17.759862999999996], [-66.442788, 17.758917999999994], [-66.440418, 17.757875], [-66.437985, 17.757042], [-66.43555, 17.756085], [-66.431558, 17.754441999999997], [-66.428352, 17.753285000000005], [-66.425513, 17.752065], [-66.4231, 17.751213000000007], [-66.420685, 17.750293], [-66.417898, 17.74906], [-66.415435, 17.748206999999994], [-66.412537, 17.747015000000005], [-66.409805, 17.745883000000006], [-66.407362, 17.745050000000006], [-66.404962, 17.743998000000005], [-66.402023, 17.742852], [-66.399262, 17.741788], [-66.396847, 17.740752], [-66.393483, 17.739576999999997], [-66.390638, 17.7384], [-66.386918, 17.736976999999996], [-66.384435, 17.736040000000003], [-66.37985, 17.734177000000003], [-66.376962, 17.733118000000005], [-66.374147, 17.731904999999998], [-66.371128, 17.730873000000003], [-66.366643, 17.728987000000004], [-66.363653, 17.727928000000006], [-66.357885, 17.725617999999997], [-66.35238, 17.723608], [-66.349198, 17.722251999999997], [-66.346347, 17.721102000000002], [-66.34384, 17.720225], [-66.341385, 17.719250000000002], [-66.337275, 17.717562], [-66.333543, 17.716217999999998], [-66.327037, 17.713783000000006], [-66.318093, 17.710246999999995], [-66.311537, 17.707728000000003], [-66.308723, 17.706540000000004], [-66.305465, 17.705375000000004], [-66.302228, 17.704009999999997], [-66.298485, 17.702637999999993], [-66.294138, 17.700783], [-66.285675, 17.697410000000005], [-66.282042, 17.696101999999996], [-66.278803, 17.69475], [-66.276352, 17.693943000000004], [-66.271965, 17.692121999999998], [-66.26831, 17.690866999999997], [-66.262237, 17.688592], [-66.25668, 17.686329999999998], [-66.253772, 17.685355], [-66.246098, 17.682343000000003], [-66.238393, 17.679333], [-66.179517, 17.656345]], "MMSI": 232712000, "DateTime": ["2009/09/14 00:00:00", "2009/09/14 00:01:00", "2009/09/14 00:01:59", "2009/09/14 00:03:00", "2009/09/14 00:04:00", "2009/09/14 00:04:59", "2009/09/14 00:06:00", "2009/09/14 00:08:00", "2009/09/14 00:08:59", "2009/09/14 00:10:00", "2009/09/14 00:11:59", "2009/09/14 00:13:00", "2009/09/14 00:14:00", "2009/09/14 00:14:59", "2009/09/14 00:16:00", "2009/09/14 00:17:59", "2009/09/14 00:19:00", "2009/09/14 00:20:00", "2009/09/14 00:21:59", "2009/09/14 00:23:00", "2009/09/14 00:24:00", "2009/09/14 00:24:59", "2009/09/14 00:26:00", "2009/09/14 00:27:00", "2009/09/14 00:27:59", "2009/09/14 00:29:00", "2009/09/14 00:30:00", "2009/09/14 00:32:00", "2009/09/14 00:33:00", "2009/09/14 00:33:59", "2009/09/14 00:35:00", "2009/09/14 00:36:00", "2009/09/14 00:36:59", "2009/09/14 00:37:59", "2009/09/14 00:40:00", "2009/09/14 00:40:59", "2009/09/14 00:42:00", "2009/09/14 00:43:00", "2009/09/14 00:43:59", "2009/09/14 00:45:00", "2009/09/14 00:46:00", "2009/09/14 00:46:59", "2009/09/14 00:49:00", "2009/09/14 00:49:59", "2009/09/14 00:51:00", "2009/09/14 00:53:00", "2009/09/14 00:53:59", "2009/09/14 00:55:00", "2009/09/14 00:56:00", "2009/09/14 00:58:00", "2009/09/14 00:59:00", "2009/09/14 01:02:00", "2009/09/14 01:04:00", "2009/09/14 01:05:00", "2009/09/14 01:05:59", "2009/09/14 01:06:59", "2009/09/14 01:08:00", "2009/09/14 01:09:59", "2009/09/14 01:12:00", "2009/09/14 01:14:00", "2009/09/14 01:18:00", "2009/09/14 01:21:00", "2009/09/14 01:21:59", "2009/09/14 01:22:59", "2009/09/14 01:24:00", "2009/09/14 01:25:59", "2009/09/14 01:28:00", "2009/09/14 01:31:00", "2009/09/14 01:33:00", "2009/09/14 01:34:00", "2009/09/14 01:34:59", "2009/09/14 01:37:00", "2009/09/14 01:38:00", "2009/09/14 01:41:00", "2009/09/14 01:43:00", "2009/09/14 01:44:00", "2009/09/14 01:47:59", "2009/09/14 01:50:59", "2009/09/14 02:15:00"]}