{"Geometry": [[-70.155733, -20.204032999999995]], "MMSI": 304602000, "DateTime": ["2009/12/29 13:56:00"]}