{"Geometry": [[-66.128195, 18.997271999999995], [-66.133192, 19.000388], [-66.137837, 19.003136999999995], [-66.142838, 19.006339999999994], [-66.147372, 19.009282999999996], [-66.154317, 19.013530000000003], [-66.16036, 19.017425000000003], [-66.170373, 19.023934999999994], [-66.200782, 19.043291999999994], [-66.228395, 19.061152000000007], [-66.457862, 19.21571], [-66.505758, 19.247707000000005], [-66.51063, 19.251009999999994], [-66.538708, 19.268478], [-66.547778, 19.274392000000006], [-66.562277, 19.283038000000005], [-66.566858, 19.285982000000004], [-66.571902, 19.289162000000005], [-66.579293, 19.293599999999998], [-66.594262, 19.303202], [-66.598832, 19.306133000000003], [-66.610787, 19.313758000000007], [-66.615412, 19.316648], [-66.625563, 19.322817999999998], [-66.63566, 19.329412000000005], [-66.651198, 19.339225], [-66.659818, 19.344809999999995], [-66.66496, 19.348039999999997], [-66.544893, 19.267449999999997], [-66.538405, 19.26312], [-66.532703, 19.259407999999993], [-66.527543, 19.25613], [-66.522497, 19.252821999999995], [-66.516717, 19.249032999999997], [-66.505035, 19.241577000000007], [-66.49918, 19.237818000000004], [-66.493993, 19.234612999999996], [-66.485292, 19.22896], [-66.477192, 19.223910000000004], [-66.469988, 19.219302999999996], [-66.464192, 19.215647000000004], [-66.45697, 19.211152999999996], [-66.449105, 19.206087999999994], [-66.44248, 19.202032000000003], [-66.437325, 19.198828000000006], [-66.430052, 19.194142], [-66.420647, 19.188187999999997], [-66.41485, 19.184506999999996], [-66.407578, 19.179976999999994], [-66.401043, 19.175877999999997], [-66.393095, 19.170912], [-66.388685, 19.168242000000006], [-66.382008, 19.164072000000004], [-66.376335, 19.160466999999997], [-66.368182, 19.155443000000005], [-66.363143, 19.152263000000005], [-66.356523, 19.148115000000004], [-66.347753, 19.142561999999998], [-66.342542, 19.139348], [-66.33687, 19.135688000000002], [-66.330197, 19.131552], [-66.325823, 19.128815000000003], [-66.320028, 19.125230000000002], [-66.314183, 19.121453000000002], [-66.307728, 19.11716], [-66.301992, 19.113358000000005], [-66.29409, 19.108261999999996], [-66.288247, 19.104332], [-66.246038, 19.076507000000007], [-66.236175, 19.069981999999996], [-66.214433, 19.055918000000005], [-66.102557, 18.981317000000004], [-66.05659, 18.948662999999996], [-66.034817, 18.933468000000005], [-66.02762, 18.928492000000006], [-66.022838, 18.925096999999994], [-66.002685, 18.911817]], "MMSI": 377913000, "DateTime": ["2009/12/14 00:00:00", "2009/12/14 00:01:00", "2009/12/14 00:01:59", "2009/12/14 00:03:00", "2009/12/14 00:04:00", "2009/12/14 00:06:00", "2009/12/14 00:07:00", "2009/12/14 00:08:59", "2009/12/14 00:16:00", "2009/12/14 00:21:59", "2009/12/14 01:12:00", "2009/12/14 01:22:59", "2009/12/14 01:24:00", "2009/12/14 01:30:00", "2009/12/14 01:31:59", "2009/12/14 01:34:59", "2009/12/14 01:36:00", "2009/12/14 01:37:00", "2009/12/14 01:38:59", "2009/12/14 01:41:59", "2009/12/14 01:43:00", "2009/12/14 01:46:00", "2009/12/14 01:47:00", "2009/12/14 01:49:00", "2009/12/14 01:50:59", "2009/12/14 01:54:59", "2009/12/14 01:56:00", "2009/12/14 01:57:59", "2009/12/20 05:39:00", "2009/12/20 05:39:59", "2009/12/20 05:42:00", "2009/12/20 05:42:59", "2009/12/20 05:44:00", "2009/12/20 05:45:00", "2009/12/20 05:48:00", "2009/12/20 05:48:59", "2009/12/20 05:50:00", "2009/12/20 05:51:59", "2009/12/20 05:54:00", "2009/12/20 05:55:59", "2009/12/20 05:57:00", "2009/12/20 05:58:59", "2009/12/20 06:01:00", "2009/12/20 06:01:59", "2009/12/20 06:03:00", "2009/12/20 06:04:59", "2009/12/20 06:07:00", "2009/12/20 06:08:59", "2009/12/20 06:10:00", "2009/12/20 06:11:59", "2009/12/20 06:14:00", "2009/12/20 06:14:59", "2009/12/20 06:16:00", "2009/12/20 06:17:00", "2009/12/20 06:19:00", "2009/12/20 06:20:00", "2009/12/20 06:21:59", "2009/12/20 06:24:00", "2009/12/20 06:24:59", "2009/12/20 06:26:00", "2009/12/20 06:27:59", "2009/12/20 06:29:00", "2009/12/20 06:30:00", "2009/12/20 06:32:00", "2009/12/20 06:33:00", "2009/12/20 06:33:59", "2009/12/20 06:36:00", "2009/12/20 06:37:59", "2009/12/20 06:46:59", "2009/12/20 06:49:59", "2009/12/20 06:55:00", "2009/12/20 07:21:00", "2009/12/20 07:31:00", "2009/12/20 07:37:00", "2009/12/20 07:38:00", "2009/12/20 07:38:59", "2009/12/20 07:44:00"]}