{"Geometry": [[-66.002778, 18.914694999999995]], "MMSI": 377913000, "DateTime": ["2009/12/28 07:21:00"]}