{"Geometry": [[-70.415503, -23.081733]], "MMSI": 370236000, "DateTime": ["2009/12/29 13:56:00"]}