{"Geometry": [[-69.06505, 40.453059999999994]], "MMSI": 220618000, "DateTime": ["2009/07/02 02:03:00"]}