{"Geometry": [[-68.140517, 15.444199999999995]], "MMSI": 240611000, "DateTime": ["2009/08/11 17:35:59"]}