{"Geometry": [[-68.260938, 24.406656999999996]], "MMSI": 538003079, "DateTime": ["2009/11/17 08:00:59"]}