{"Geometry": [[-70.102317, 35.93772]], "MMSI": 338995000, "DateTime": ["2009/10/18 11:38:00"]}