{"Geometry": [[-66.303442, 19.214888000000002]], "MMSI": 237956000, "DateTime": ["2009/04/20 02:02:00"]}