{"Geometry": [[-71.993612, 37.153512000000006]], "MMSI": 237956000, "DateTime": ["2009/08/02 08:42:59"]}