{"Geometry": [[-69.632077, 27.853522999999996]], "MMSI": 367376120, "DateTime": ["2009/12/01 15:13:00"]}