{"Geometry": [[-69.230997, 27.853595]], "MMSI": 367376120, "DateTime": ["2009/12/20 04:21:00"]}