{"Geometry": [[-71.749967, 37.288833]], "MMSI": 367136680, "DateTime": ["2009/12/16 10:54:59"]}