{"Geometry": [[-66.08009, 17.255442000000002], [-66.126942, 17.230795], [-66.169968, 17.207516999999996], [-66.180087, 17.202082000000004], [-66.192157, 17.195412000000005], [-66.282852, 17.145448000000002], [-66.310193, 17.130162999999996], [-66.313038, 17.12858], [-66.323015, 17.122867], [-66.362713, 17.099812999999997], [-66.375752, 17.09241], [-66.395722, 17.081585000000004], [-66.403208, 17.077512], [-66.42279, 17.066868], [-66.478315, 17.037032999999994], [-66.514515, 17.017242999999993], [-66.520968, 17.013617999999994], [-66.532703, 17.007102000000003], [-66.537912, 17.004298000000006], [-66.55549, 16.994653], [-66.561075, 16.991595000000004], [-66.5667, 16.988557999999998], [-66.57268, 16.985277999999994], [-66.579682, 16.98147], [-66.59008, 16.975835000000004], [-66.598317, 16.971294999999998], [-66.60355, 16.968473000000003], [-66.607318, 16.966488], [-66.61383, 16.962895000000003], [-66.618857, 16.960175000000007], [-66.624563, 16.957075000000003], [-66.632032, 16.953038000000006], [-66.63768, 16.950000000000003], [-66.641953, 16.947697000000005], [-66.647145, 16.945007000000004], [-66.657897, 16.939147000000006], [-66.664043, 16.935885], [-66.673943, 16.930570000000003], [-66.67829, 16.928240000000002], [-66.685848, 16.924161999999995], [-66.694855, 16.919278000000006], [-66.70479, 16.913917999999995], [-66.710447, 16.910871999999998], [-66.713755, 16.909087999999997], [-66.71893, 16.906291999999993], [-66.72351, 16.903732000000005], [-66.728772, 16.900835], [-66.734927, 16.897513000000004], [-66.740032, 16.894717], [-66.743885, 16.8926], [-66.749183, 16.88969], [-66.75472, 16.886652999999995], [-66.769043, 16.878995000000003], [-66.775707, 16.875407999999993], [-66.781848, 16.872124999999997], [-66.79285, 16.865691999999996], [-66.801397, 16.860811999999996], [-66.811215, 16.855278], [-66.820053, 16.850246999999996], [-66.827822, 16.845718000000005], [-66.838312, 16.839623000000003], [-66.842663, 16.837118000000004], [-66.848067, 16.833957999999996], [-66.853152, 16.830957999999995], [-66.860633, 16.826695], [-66.867497, 16.822706999999994], [-66.877628, 16.816877000000005], [-66.884667, 16.812937000000005], [-66.898985, 16.805066999999994], [-66.909345, 16.799558000000005], [-66.918623, 16.794607999999997], [-66.931452, 16.787712999999997], [-66.938885, 16.783682], [-66.945935, 16.780002999999994], [-66.953972, 16.775779999999997], [-66.961985, 16.771512], [-66.972338, 16.766165]], "MMSI": 314235000, "DateTime": ["2009/01/15 12:45:00", "2009/01/15 12:56:00", "2009/01/15 13:04:00", "2009/01/15 13:05:59", "2009/01/15 13:09:59", "2009/01/15 13:28:59", "2009/01/15 13:34:00", "2009/01/15 13:36:00", "2009/01/15 13:38:00", "2009/01/15 13:47:00", "2009/01/15 13:50:00", "2009/01/15 13:54:00", "2009/01/15 13:54:59", "2009/01/15 14:00:00", "2009/01/15 14:10:59", "2009/01/15 14:19:00", "2009/01/15 14:19:59", "2009/01/15 14:23:00", "2009/01/15 14:23:59", "2009/01/15 14:26:59", "2009/01/15 14:28:00", "2009/01/15 14:29:59", "2009/01/15 14:32:00", "2009/01/15 14:32:59", "2009/01/15 14:35:00", "2009/01/15 14:35:59", "2009/01/15 14:36:59", "2009/01/15 14:39:00", "2009/01/15 14:39:59", "2009/01/15 14:41:00", "2009/01/15 14:42:00", "2009/01/15 14:44:00", "2009/01/15 14:45:00", "2009/01/15 14:45:59", "2009/01/15 14:47:00", "2009/01/15 14:48:59", "2009/01/15 14:50:00", "2009/01/15 14:51:59", "2009/01/15 14:54:00", "2009/01/15 14:55:00", "2009/01/15 14:57:00", "2009/01/15 14:58:59", "2009/01/15 15:00:00", "2009/01/15 15:01:59", "2009/01/15 15:03:00", "2009/01/15 15:04:00", "2009/01/15 15:04:59", "2009/01/15 15:06:00", "2009/01/15 15:07:00", "2009/01/15 15:08:00", "2009/01/15 15:08:59", "2009/01/15 15:10:00", "2009/01/15 15:11:59", "2009/01/15 15:14:59", "2009/01/15 15:16:00", "2009/01/15 15:17:59", "2009/01/15 15:19:00", "2009/01/15 15:21:59", "2009/01/15 15:24:00", "2009/01/15 15:26:00", "2009/01/15 15:27:00", "2009/01/15 15:29:00", "2009/01/15 15:30:00", "2009/01/15 15:30:59", "2009/01/15 15:33:00", "2009/01/15 15:33:59", "2009/01/15 15:36:00", "2009/01/15 15:37:59", "2009/01/15 15:40:59", "2009/01/15 15:43:00", "2009/01/15 15:45:00", "2009/01/15 15:48:00", "2009/01/15 15:49:59", "2009/01/15 15:51:00", "2009/01/15 15:53:00", "2009/01/15 15:55:00", "2009/01/15 15:56:59"]}