{"Geometry": [[-70.683002, 27.864998]], "MMSI": 565637000, "DateTime": ["2009/01/04 16:46:00"]}