{"Geometry": [[-67.483113, 18.729168]], "MMSI": 308869000, "DateTime": ["2009/02/08 17:51:59"]}